[2026-10-06 14:56:27] [steam] SteamDB 68.36% / Steam 69.56% (7,419+ / 3,246-) Mixed
[2026-10-06 14:56:27] [community] 창 10-06 14:00 ~ 14:30 수집 시작
[2026-10-06 14:57:05] [dc] 댓글 실패 3016220: Expecting value: line 1 column 1 (char 0)
[2026-10-06 14:57:05] [dc] 댓글 실패 3016218: Expecting value: line 1 column 1 (char 0)
[2026-10-06 14:57:06] [dc] 댓글 실패 3016217: Expecting value: line 1 column 1 (char 0)
[2026-10-06 14:57:06] [dc] 댓글 실패 3016216: Expecting value: line 1 column 1 (char 0)
[2026-10-06 14:57:07] [dc] 댓글 실패 3016215: Expecting value: line 1 column 1 (char 0)
[2026-10-06 14:57:07] [dc] 댓글 실패 3016214: Expecting value: line 1 column 1 (char 0)
[2026-10-06 14:57:07] [dc] 댓글 실패 3016213: Expecting value: line 1 column 1 (char 0)
[2026-10-06 14:57:08] [dc] 댓글 실패 3016212: Expecting value: line 1 column 1 (char 0)
[2026-10-06 14:57:08] [dc] 댓글 실패 3016211: Expecting value: line 1 column 1 (char 0)
[2026-10-06 14:57:08] [dc] 댓글 실패 3016209: Expecting value: line 1 column 1 (char 0)
[2026-10-06 14:57:08] [dc] 댓글 실패 3016208: Expecting value: line 1 column 1 (char 0)
[2026-10-06 14:57:09] [dc] 댓글 실패 3016206: Expecting value: line 1 column 1 (char 0)
[2026-10-06 14:57:09] [dc] 댓글 실패 3016205: Expecting value: line 1 column 1 (char 0)
[2026-10-06 14:57:09] [dc] 댓글 실패 3016204: Expecting value: line 1 column 1 (char 0)
[2026-10-06 14:57:10] [dc] 댓글 실패 3016203: Expecting value: line 1 column 1 (char 0)
[2026-10-06 14:57:10] [dc] 댓글 실패 3016202: Expecting value: line 1 column 1 (char 0)
[2026-10-06 14:57:10] [dc] 댓글 실패 3016201: Expecting value: line 1 column 1 (char 0)
[2026-10-06 14:57:11] [dc] 댓글 실패 3016199: Expecting value: line 1 column 1 (char 0)
[2026-10-06 14:57:11] [dc] 댓글 실패 3016198: Expecting value: line 1 column 1 (char 0)
[2026-10-06 14:57:11] [dc] 댓글 실패 3016196: Expecting value: line 1 column 1 (char 0)
[2026-10-06 14:57:12] [dc] 댓글 실패 3016195: Expecting value: line 1 column 1 (char 0)
[2026-10-06 14:57:12] [dc] 댓글 실패 3016194: Expecting value: line 1 column 1 (char 0)
[2026-10-06 14:57:12] [dc] 댓글 실패 3016193: Expecting value: line 1 column 1 (char 0)
[2026-10-06 14:57:12] [dc] 댓글 실패 3016192: Expecting value: line 1 column 1 (char 0)
[2026-10-06 14:57:13] [dc] 댓글 실패 3016191: Expecting value: line 1 column 1 (char 0)
[2026-10-06 14:57:13] [dc] 댓글 실패 3016190: Expecting value: line 1 column 1 (char 0)
[2026-10-06 14:57:13] [dc] 댓글 실패 3016189: Expecting value: line 1 column 1 (char 0)
[2026-10-06 14:57:14] [dc] 댓글 실패 3016188: Expecting value: line 1 column 1 (char 0)
[2026-10-06 14:57:14] [dc] 댓글 실패 3016185: Expecting value: line 1 column 1 (char 0)
[2026-10-06 14:57:14] [dc] 댓글 실패 3016182: Expecting value: line 1 column 1 (char 0)
[2026-10-06 14:57:14] [dc] 댓글 실패 3016181: Expecting value: line 1 column 1 (char 0)
[2026-10-06 14:57:15] [dc] 댓글 실패 3016180: Expecting value: line 1 column 1 (char 0)
[2026-10-06 14:57:15] [dc] 댓글 실패 3016178: Expecting value: line 1 column 1 (char 0)
[2026-10-06 14:57:15] [dc] 댓글 실패 3016175: Expecting value: line 1 column 1 (char 0)
[2026-10-06 14:57:16] [dc] 댓글 실패 3016173: Expecting value: line 1 column 1 (char 0)
[2026-10-06 14:57:16] [dc] 댓글 실패 3016170: Expecting value: line 1 column 1 (char 0)
[2026-10-06 14:57:16] [dc] 댓글 실패 3016168: Expecting value: line 1 column 1 (char 0)
[2026-10-06 14:57:17] [dc] 댓글 실패 3016167: Expecting value: line 1 column 1 (char 0)
[2026-10-06 14:57:17] [dc] 댓글 실패 3016166: Expecting value: line 1 column 1 (char 0)
[2026-10-06 14:57:17] [dc] 댓글 실패 3016165: Expecting value: line 1 column 1 (char 0)
[2026-10-06 14:57:17] [dc] 댓글 실패 3016164: Expecting value: line 1 column 1 (char 0)
[2026-10-06 14:57:18] [dc] 댓글 실패 3016162: Expecting value: line 1 column 1 (char 0)
[2026-10-06 14:57:18] [dc] 댓글 실패 3016161: Expecting value: line 1 column 1 (char 0)
[2026-10-06 14:57:18] [dc] 댓글 실패 3016160: Expecting value: line 1 column 1 (char 0)
[2026-10-06 14:57:19] [dc] 댓글 실패 3016158: Expecting value: line 1 column 1 (char 0)
[2026-10-06 14:57:19] [dc] 댓글 실패 3016157: Expecting value: line 1 column 1 (char 0)
[2026-10-06 14:57:19] [dc] 댓글 실패 3016156: Expecting value: line 1 column 1 (char 0)
[2026-10-06 14:57:20] [dc] 댓글 실패 3016155: Expecting value: line 1 column 1 (char 0)
[2026-10-06 14:57:20] [dc] 댓글 실패 3016154: Expecting value: line 1 column 1 (char 0)
[2026-10-06 14:57:20] [dc] 댓글 실패 3016153: Expecting value: line 1 column 1 (char 0)
[2026-10-06 14:57:21] [dc] 댓글 실패 3016151: Expecting value: line 1 column 1 (char 0)
[2026-10-06 14:57:21] [dc] 댓글 실패 3016150: Expecting value: line 1 column 1 (char 0)
[2026-10-06 14:57:21] [dc] 댓글 실패 3016149: Expecting value: line 1 column 1 (char 0)
[2026-10-06 14:57:21] [dc] 댓글 실패 3016148: Expecting value: line 1 column 1 (char 0)
[2026-10-06 14:57:22] [dc] 댓글 실패 3016147: Expecting value: line 1 column 1 (char 0)
[2026-10-06 14:57:22] [dc] 댓글 실패 3016146: Expecting value: line 1 column 1 (char 0)
[2026-10-06 14:57:22] [dc] 댓글 실패 3016145: Expecting value: line 1 column 1 (char 0)
[2026-10-06 14:57:23] [dc] 댓글 실패 3016144: Expecting value: line 1 column 1 (char 0)
[2026-10-06 14:57:23] [dc] 댓글 실패 3016143: Expecting value: line 1 column 1 (char 0)
[2026-10-06 14:57:23] [dc] 댓글 실패 3016142: Expecting value: line 1 column 1 (char 0)
[2026-10-06 14:57:24] [dc] 댓글 실패 3016141: Expecting value: line 1 column 1 (char 0)
[2026-10-06 14:57:24] [dc] 댓글 실패 3016139: Expecting value: line 1 column 1 (char 0)
[2026-10-06 14:57:24] [dc] 댓글 실패 3016137: Expecting value: line 1 column 1 (char 0)
[2026-10-06 14:57:25] [dc] 댓글 실패 3016136: Expecting value: line 1 column 1 (char 0)
[2026-10-06 14:57:25] [dc] 댓글 실패 3016135: Expecting value: line 1 column 1 (char 0)
[2026-10-06 14:57:25] [dc] 댓글 실패 3016134: Expecting value: line 1 column 1 (char 0)
[2026-10-06 14:57:25] [dc] 댓글 실패 3016131: Expecting value: line 1 column 1 (char 0)
[2026-10-06 14:57:26] [dc] 댓글 실패 3016130: Expecting value: line 1 column 1 (char 0)
[2026-10-06 14:57:26] [dc] 댓글 실패 3016129: Expecting value: line 1 column 1 (char 0)
[2026-10-06 14:57:26] [dc] 댓글 실패 3016128: Expecting value: line 1 column 1 (char 0)
[2026-10-06 14:57:27] [dc] 댓글 실패 3016126: Expecting value: line 1 column 1 (char 0)
[2026-10-06 14:57:27] [dc] 댓글 실패 3016125: Expecting value: line 1 column 1 (char 0)
[2026-10-06 14:57:27] [dc] 댓글 실패 3016124: Expecting value: line 1 column 1 (char 0)
[2026-10-06 14:57:28] [dc] 댓글 실패 3016123: Expecting value: line 1 column 1 (char 0)
[2026-10-06 14:57:28] [dc] 댓글 실패 3016121: Expecting value: line 1 column 1 (char 0)
[2026-10-06 14:57:28] [dc] 댓글 실패 3016120: Expecting value: line 1 column 1 (char 0)
[2026-10-06 14:57:28] [dc] 댓글 실패 3016118: Expecting value: line 1 column 1 (char 0)
[2026-10-06 14:57:29] [dc] 댓글 실패 3016117: Expecting value: line 1 column 1 (char 0)
[2026-10-06 14:57:29] [dc] 댓글 실패 3016114: Expecting value: line 1 column 1 (char 0)
[2026-10-06 14:57:29] [dc] 댓글 실패 3016112: Expecting value: line 1 column 1 (char 0)
[2026-10-06 14:57:30] [dc] 댓글 실패 3016109: Expecting value: line 1 column 1 (char 0)
[2026-10-06 14:57:30] [dc] 댓글 실패 3016108: Expecting value: line 1 column 1 (char 0)
[2026-10-06 14:57:30] [dc] 댓글 실패 3016106: Expecting value: line 1 column 1 (char 0)
[2026-10-06 14:57:31] [dc] 댓글 실패 3016104: Expecting value: line 1 column 1 (char 0)
[2026-10-06 14:57:31] [dc] 댓글 실패 3016103: Expecting value: line 1 column 1 (char 0)
[2026-10-06 14:57:31] [dc] 댓글 실패 3016102: Expecting value: line 1 column 1 (char 0)
[2026-10-06 14:57:31] [dc] 댓글 실패 3016101: Expecting value: line 1 column 1 (char 0)
[2026-10-06 14:57:32] [dc] 댓글 실패 3016100: Expecting value: line 1 column 1 (char 0)
[2026-10-06 14:57:32] [dc] 댓글 실패 3016099: Expecting value: line 1 column 1 (char 0)
[2026-10-06 14:57:32] [dc] 댓글 실패 3016098: Expecting value: line 1 column 1 (char 0)
[2026-10-06 14:57:33] [dc] 댓글 실패 3016097: Expecting value: line 1 column 1 (char 0)
[2026-10-06 14:57:33] [dc] 댓글 실패 3016095: Expecting value: line 1 column 1 (char 0)
[2026-10-06 14:57:33] [dc] 댓글 실패 3016094: Expecting value: line 1 column 1 (char 0)
[2026-10-06 14:57:33] [dc] 댓글 실패 3016093: Expecting value: line 1 column 1 (char 0)
[2026-10-06 14:57:34] [dc] 댓글 실패 3016090: Expecting value: line 1 column 1 (char 0)
[2026-10-06 14:57:34] [dc] 댓글 실패 3016089: Expecting value: line 1 column 1 (char 0)
[2026-10-06 14:57:34] [dc] 댓글 실패 3016088: Expecting value: line 1 column 1 (char 0)
[2026-10-06 14:57:35] [dc] 댓글 실패 3016085: Expecting value: line 1 column 1 (char 0)
[2026-10-06 14:57:35] [dc] 댓글 실패 3016084: Expecting value: line 1 column 1 (char 0)
[2026-10-06 14:57:35] [dc] 댓글 실패 3016083: Expecting value: line 1 column 1 (char 0)
[2026-10-06 14:57:36] [dc] 댓글 실패 3016081: Expecting value: line 1 column 1 (char 0)
[2026-10-06 14:57:36] [dc] 댓글 실패 3016079: Expecting value: line 1 column 1 (char 0)
[2026-10-06 14:57:36] [dc] 댓글 실패 3016078: Expecting value: line 1 column 1 (char 0)
[2026-10-06 14:57:37] [dc] 댓글 실패 3016077: Expecting value: line 1 column 1 (char 0)
[2026-10-06 14:57:37] [dc] 댓글 실패 3016076: Expecting value: line 1 column 1 (char 0)
[2026-10-06 14:57:37] [dc] 댓글 실패 3016074: Expecting value: line 1 column 1 (char 0)
[2026-10-06 14:57:37] [dc] 댓글 실패 3016073: Expecting value: line 1 column 1 (char 0)
[2026-10-06 14:57:38] [dc] 댓글 실패 3016070: Expecting value: line 1 column 1 (char 0)
[2026-10-06 14:57:38] [dc] 댓글 실패 3016069: Expecting value: line 1 column 1 (char 0)
[2026-10-06 14:57:38] [dc] 댓글 실패 3016068: Expecting value: line 1 column 1 (char 0)
[2026-10-06 14:57:39] [dc] 댓글 실패 3016067: Expecting value: line 1 column 1 (char 0)
[2026-10-06 14:57:39] [dc] 댓글 실패 3016064: Expecting value: line 1 column 1 (char 0)
[2026-10-06 14:57:39] [dc] 댓글 실패 3016063: Expecting value: line 1 column 1 (char 0)
[2026-10-06 14:57:39] [dc] 댓글 실패 3016062: Expecting value: line 1 column 1 (char 0)
[2026-10-06 14:57:40] [dc] 댓글 실패 3016061: Expecting value: line 1 column 1 (char 0)
[2026-10-06 14:57:40] [dc] 댓글 실패 3016059: Expecting value: line 1 column 1 (char 0)
[2026-10-06 14:57:40] [dc] 댓글 실패 3016058: Expecting value: line 1 column 1 (char 0)
[2026-10-06 14:57:41] [dc] 댓글 실패 3016057: Expecting value: line 1 column 1 (char 0)
[2026-10-06 14:57:41] [dc] 댓글 실패 3016056: Expecting value: line 1 column 1 (char 0)
[2026-10-06 14:57:41] [dc] 댓글 실패 3016055: Expecting value: line 1 column 1 (char 0)
[2026-10-06 14:57:42] [dc] 댓글 실패 3016053: Expecting value: line 1 column 1 (char 0)
[2026-10-06 14:57:42] [dc] 댓글 실패 3016051: Expecting value: line 1 column 1 (char 0)
[2026-10-06 14:57:42] [dc] 댓글 실패 3016048: Expecting value: line 1 column 1 (char 0)
[2026-10-06 14:57:42] [dc] 댓글 실패 3016047: Expecting value: line 1 column 1 (char 0)
[2026-10-06 14:57:43] [dc] 댓글 실패 3016045: Expecting value: line 1 column 1 (char 0)
[2026-10-06 14:57:43] [dc] 댓글 실패 3016044: Expecting value: line 1 column 1 (char 0)
[2026-10-06 14:57:43] [dc] 댓글 실패 3016043: Expecting value: line 1 column 1 (char 0)
[2026-10-06 14:57:44] [dc] 댓글 실패 3016042: Expecting value: line 1 column 1 (char 0)
[2026-10-06 14:57:44] [dc] 댓글 실패 3016041: Expecting value: line 1 column 1 (char 0)
[2026-10-06 14:57:44] [dc] 댓글 실패 3016038: Expecting value: line 1 column 1 (char 0)
[2026-10-06 14:57:45] [dc] 댓글 실패 3016037: Expecting value: line 1 column 1 (char 0)
[2026-10-06 14:57:45] [dc] 댓글 실패 3016034: Expecting value: line 1 column 1 (char 0)
[2026-10-06 14:57:45] [dc] 댓글 실패 3016033: Expecting value: line 1 column 1 (char 0)
[2026-10-06 14:57:45] [dc] 댓글 실패 3016032: Expecting value: line 1 column 1 (char 0)
[2026-10-06 14:57:46] [dc] 댓글 실패 3016029: Expecting value: line 1 column 1 (char 0)
[2026-10-06 14:57:46] [dc] 댓글 실패 3016028: Expecting value: line 1 column 1 (char 0)
[2026-10-06 14:57:46] [dc] 댓글 실패 3016027: Expecting value: line 1 column 1 (char 0)
[2026-10-06 14:57:47] [dc] 댓글 실패 3016026: Expecting value: line 1 column 1 (char 0)
[2026-10-06 15:00:04] [reddit] 게시글 4 · 댓글 110 → 긍정 21.1% / 부정 19.3%
[2026-10-06 15:00:04] [dc] 게시글 91 · 댓글 0 → 긍정 6.6% / 부정 12.1%
[2026-10-06 15:00:04] [review] 검토_2026-10-06_1430.xlsx (30건)
[2026-10-06 15:03:02] [community] 창 10-06 14:30 ~ 15:00 수집 시작
[2026-10-06 15:04:03] [dc] PC 목록 응답 없음 → 모바일 목록으로 대체
[2026-10-06 15:08:25] [reddit] 게시글 7 · 댓글 106 → 긍정 12.4% / 부정 14.2% {'comment_pages': 2}
[2026-10-06 15:08:25] [dc] 게시글 108 · 댓글 263 → 긍정 5.7% / 부정 17.5% {'list': 'mobile', 'views_fetched': 180, 'views_planned': 180, 'partial': False, 'prev_window_revisits': 72}
[2026-10-06 15:08:25] [review] 검토_2026-10-06_1500.xlsx (30건)
[2026-10-06 15:08:50] [rescore] 라벨 0건, 학습 사용 아니오(30건·긍부정 각 5건 이상 필요)
[2026-10-06 15:08:50] [rescore] 1개 창 재계산 완료
[2026-10-06 15:09:56] [steam] SteamDB 68.37% / Steam 69.57% (7,434+ / 3,252-) Mixed
[2026-10-06 15:15:01] [steam] SteamDB 68.38% / Steam 69.57% (7,452+ / 3,259-) Mixed
[2026-10-06 15:30:02] [steam] SteamDB 68.35% / Steam 69.54% (7,464+ / 3,269-) Mixed
[2026-10-06 15:31:00] [community] 창 10-06 15:00 ~ 15:30 수집 시작
[2026-10-06 15:34:03] [reddit] 게시글 3 · 댓글 128 → 긍정 15.3% / 부정 13.0% {'comment_pages': 2}
[2026-10-06 15:34:03] [dc] 게시글 98 · 댓글 277 → 긍정 6.1% / 부정 12.0% {'list': 'pc', 'views_fetched': 110, 'views_planned': 110, 'partial': False, 'prev_window_revisits': 12}
[2026-10-06 15:34:03] [steamforum] 게시글 2 · 댓글 39 → 긍정 12.2% / 부정 24.4% {'topics_active': 24}
[2026-10-06 15:34:03] [review] 검토_2026-10-06_1530.xlsx (30건)
[2026-10-06 15:45:01] [steam] SteamDB 68.32% / Steam 69.51% (7,479+ / 3,280-) Mixed
[2026-10-06 16:00:02] [steam] SteamDB 68.26% / Steam 69.44% (7,500+ / 3,300-) Mixed
[2026-10-06 16:01:00] [community] 창 10-06 15:30 ~ 16:00 수집 시작
[2026-10-06 16:01:00] [community] 라벨 변경 감지(60건) → 과거 수집분 전체 재계산
[2026-10-06 16:01:00] [rescore] 라벨 60건 · 학습 사용 → 1,031개 항목 · 2개 창 재계산 (0.1초)
[2026-10-06 16:05:50] [reddit] 게시글 9 · 댓글 134 → 긍정 14.7% / 부정 8.4% {'comment_pages': 2}
[2026-10-06 16:05:50] [dc] 게시글 99 · 댓글 344 → 긍정 6.8% / 부정 9.3% {'list': 'pc', 'views_fetched': 120, 'views_planned': 120, 'partial': False, 'prev_window_revisits': 21}
[2026-10-06 16:05:50] [steamforum] 게시글 3 · 댓글 35 → 긍정 10.5% / 부정 10.5% {'topics_active': 16}
[2026-10-06 16:06:30] [review] 검토_2026-10-06_1600.xlsx (30건)
[2026-10-06 16:15:02] [steam] SteamDB 68.27% / Steam 69.46% (7,519+ / 3,306-) Mixed
[2026-10-06 16:30:02] [steam] SteamDB 68.24% / Steam 69.43% (7,531+ / 3,316-) Mixed
[2026-10-06 16:31:05] [community] 창 10-06 16:00 ~ 16:30 수집 시작
[2026-10-06 16:31:09] [community] 라벨 변경 감지(90건) → 과거 수집분 전체 재계산
[2026-10-06 16:31:09] [rescore] 라벨 90건 · 학습 사용 → 1,655개 항목 · 3개 창 재계산 (0.5초)
[2026-10-06 16:34:20] [reddit] 게시글 4 · 댓글 142 → 긍정 56.2% / 부정 5.5% {'comment_pages': 2}
[2026-10-06 16:34:21] [dc] 게시글 113 · 댓글 315 → 긍정 25.7% / 부정 20.6% {'list': 'pc', 'views_fetched': 133, 'views_planned': 133, 'partial': False, 'prev_window_revisits': 20}
[2026-10-06 16:34:21] [steamforum] 게시글 6 · 댓글 23 → 긍정 58.6% / 부정 6.9% {'topics_active': 18}
[2026-10-06 16:35:01] [review] 검토_2026-10-06_1630.xlsx (30건)
[2026-10-06 16:45:02] [steam] SteamDB 68.17% / Steam 69.35% (7,550+ / 3,337-) Mixed
[2026-10-06 17:00:02] [steam] SteamDB 68.11% / Steam 69.29% (7,560+ / 3,351-) Mixed
[2026-10-06 17:01:01] [community] 창 10-06 16:30 ~ 17:00 수집 시작
[2026-10-06 17:04:21] [reddit] 게시글 6 · 댓글 127 → 긍정 51.1% / 부정 10.5% {'comment_pages': 2}
[2026-10-06 17:04:21] [dc] 게시글 123 · 댓글 339 → 긍정 22.7% / 부정 23.2% {'list': 'pc', 'views_fetched': 136, 'views_planned': 136, 'partial': False, 'prev_window_revisits': 13}
[2026-10-06 17:04:21] [steamforum] 게시글 6 · 댓글 29 → 긍정 51.4% / 부정 17.1% {'topics_active': 19}
[2026-10-06 17:04:54] [review] 검토_2026-10-06_1700.xlsx (30건)
[2026-10-06 17:15:02] [steam] SteamDB 68.09% / Steam 69.26% (7,565+ / 3,357-) Mixed
[2026-10-06 17:30:02] [steam] SteamDB 68.02% / Steam 69.19% (7,584+ / 3,377-) Mixed
[2026-10-06 17:31:01] [community] 창 10-06 17:00 ~ 17:30 수집 시작
[2026-10-06 17:36:41] [reddit] 게시글 5 · 댓글 119 → 긍정 50.0% / 부정 5.6% {'comment_pages': 2}
[2026-10-06 17:36:41] [dc] 게시글 134 · 댓글 358 → 긍정 24.4% / 부정 21.1% {'list': 'pc', 'views_fetched': 155, 'views_planned': 155, 'partial': False, 'prev_window_revisits': 21}
[2026-10-06 17:36:41] [steamforum] 게시글 6 · 댓글 17 → 긍정 34.8% / 부정 13.0% {'topics_active': 13}
[2026-10-06 17:37:14] [review] 검토_2026-10-06_1730.xlsx (30건)
[2026-10-06 17:45:02] [steam] SteamDB 68.01% / Steam 69.18% (7,595+ / 3,384-) Mixed
[2026-10-06 18:00:02] [steam] SteamDB 67.85% / Steam 69.0% (7,607+ / 3,417-) Mixed
[2026-10-06 18:01:01] [community] 창 10-06 17:30 ~ 18:00 수집 시작
[2026-10-06 18:01:01] [community] 라벨 변경 감지(120건) → 과거 수집분 전체 재계산
[2026-10-06 18:01:02] [rescore] 라벨 120건 · 학습 사용 → 3,527개 항목 · 6개 창 재계산 (0.3초)
[2026-10-06 18:04:26] [reddit] 게시글 6 · 댓글 110 → 긍정 33.6% / 부정 20.7% {'comment_pages': 2}
[2026-10-06 18:04:26] [dc] 게시글 117 · 댓글 350 → 긍정 41.1% / 부정 19.9% {'list': 'pc', 'views_fetched': 144, 'views_planned': 144, 'partial': False, 'prev_window_revisits': 27}
[2026-10-06 18:04:27] [steamforum] 게시글 7 · 댓글 31 → 긍정 23.7% / 부정 10.5% {'topics_active': 24}
[2026-10-06 18:05:02] [review] 검토_2026-10-06_1800.xlsx (30건)
[2026-10-06 18:15:02] [steam] SteamDB 67.82% / Steam 68.98% (7,619+ / 3,427-) Mixed
[2026-10-06 18:30:02] [steam] SteamDB 67.76% / Steam 68.91% (7,634+ / 3,445-) Mixed
[2026-10-06 18:31:01] [community] 창 10-06 18:00 ~ 18:30 수집 시작
[2026-10-06 18:31:01] [community] 라벨 변경 감지(180건) → 과거 수집분 전체 재계산
[2026-10-06 18:31:02] [rescore] 라벨 180건 · 학습 사용 → 4,148개 항목 · 7개 창 재계산 (0.4초)
[2026-10-06 18:34:04] [reddit] 게시글 7 · 댓글 124 → 긍정 19.1% / 부정 45.8% {'comment_pages': 2}
[2026-10-06 18:34:04] [dc] 게시글 101 · 댓글 270 → 긍정 54.2% / 부정 22.6% {'list': 'pc', 'views_fetched': 119, 'views_planned': 119, 'partial': False, 'prev_window_revisits': 18}
[2026-10-06 18:34:04] [steamforum] 게시글 1 · 댓글 26 → 긍정 25.9% / 부정 48.1% {'topics_active': 16}
[2026-10-06 18:34:47] [review] 검토_2026-10-06_1830.xlsx (30건)
[2026-10-06 18:45:02] [steam] SteamDB 67.75% / Steam 68.89% (7,643+ / 3,451-) Mixed
[2026-10-06 19:00:02] [steam] SteamDB 67.67% / Steam 68.81% (7,668+ / 3,476-) Mixed
[2026-10-06 19:01:01] [community] 창 10-06 18:30 ~ 19:00 수집 시작
[2026-10-06 19:01:01] [community] 라벨 변경 감지(210건) → 과거 수집분 전체 재계산
[2026-10-06 19:01:02] [rescore] 라벨 210건 · 학습 사용 → 4,677개 항목 · 8개 창 재계산 (0.4초)
[2026-10-06 19:05:00] [reddit] 게시글 4 · 댓글 132 → 긍정 12.5% / 부정 66.2% {'comment_pages': 2}
[2026-10-06 19:05:00] [dc] 게시글 120 · 댓글 218 → 긍정 56.2% / 부정 10.9% {'list': 'pc', 'views_fetched': 127, 'views_planned': 127, 'partial': False, 'prev_window_revisits': 7}
[2026-10-06 19:05:01] [steamforum] 게시글 6 · 댓글 18 → 긍정 33.3% / 부정 45.8% {'topics_active': 17}
[2026-10-06 19:05:36] [review] 검토_2026-10-06_1900.xlsx (30건)
[2026-10-06 19:15:02] [steam] SteamDB 67.67% / Steam 68.8% (7,675+ / 3,480-) Mixed
[2026-10-06 19:28:37] [rescore] 라벨 240건 · 모델 lexicon (CV 75.8%) → 5,175개 항목 · 9개 창 재계산 (0.3초)
[2026-10-06 19:30:02] [steam] SteamDB 67.56% / Steam 68.69% (7,689+ / 3,505-) Mixed
[2026-10-06 19:31:01] [community] 창 10-06 19:00 ~ 19:30 수집 시작
[2026-10-06 19:34:04] [reddit] 게시글 5 · 댓글 133 → 긍정 20.3% / 부정 14.5% {'comment_pages': 2}
[2026-10-06 19:34:04] [dc] 게시글 86 · 댓글 243 → 긍정 6.4% / 부정 11.6% {'list': 'pc', 'views_fetched': 99, 'views_planned': 99, 'partial': False, 'prev_window_revisits': 13}
[2026-10-06 19:34:04] [steamforum] 게시글 7 · 댓글 30 → 긍정 5.4% / 부정 37.8% {'topics_active': 17}
[2026-10-06 19:45:02] [steam] SteamDB 67.51% / Steam 68.63% (7,696+ / 3,517-) Mixed
[2026-10-06 20:00:02] [steam] SteamDB 67.41% / Steam 68.53% (7,714+ / 3,542-) Mixed
[2026-10-06 20:01:01] [community] 창 10-06 19:30 ~ 20:00 수집 시작
[2026-10-06 20:04:03] [reddit] 게시글 5 · 댓글 151 → 긍정 17.9% / 부정 16.7% {'comment_pages': 2}
[2026-10-06 20:04:03] [dc] 게시글 71 · 댓글 176 → 긍정 6.1% / 부정 8.1% {'list': 'pc', 'views_fetched': 80, 'views_planned': 80, 'partial': False, 'prev_window_revisits': 9}
[2026-10-06 20:04:03] [steamforum] 게시글 6 · 댓글 25 → 긍정 12.9% / 부정 29.0% {'topics_active': 21}
[2026-10-06 20:13:23] [review] 검토_2026-10-06_2000.xlsx (30건, 19:00~20:00 표본)
[2026-10-06 20:15:02] [steam] SteamDB 67.35% / Steam 68.46% (7,723+ / 3,558-) Mixed
[2026-10-06 20:30:02] [steam] SteamDB 67.31% / Steam 68.42% (7,759+ / 3,581-) Mixed
[2026-10-06 20:31:01] [community] 창 10-06 20:00 ~ 20:30 수집 시작
[2026-10-06 20:34:03] [reddit] 게시글 8 · 댓글 155 → 긍정 11.7% / 부정 19.6% {'comment_pages': 2}
[2026-10-06 20:34:03] [dc] 게시글 86 · 댓글 108 → 긍정 7.2% / 부정 11.3% {'list': 'pc', 'views_fetched': 86, 'views_planned': 86, 'partial': False, 'prev_window_revisits': 0}
[2026-10-06 20:34:03] [steamforum] 게시글 6 · 댓글 24 → 긍정 6.7% / 부정 26.7% {'topics_active': 19}
[2026-10-06 20:45:02] [steam] SteamDB 67.3% / Steam 68.41% (7,777+ / 3,592-) Mixed
[2026-10-06 21:00:02] [steam] SteamDB 67.24% / Steam 68.35% (7,797+ / 3,611-) Mixed
[2026-10-06 21:01:01] [community] 창 10-06 20:30 ~ 21:00 수집 시작
[2026-10-06 21:04:03] [reddit] 게시글 2 · 댓글 133 → 긍정 20.7% / 부정 11.1% {'comment_pages': 2}
[2026-10-06 21:04:03] [dc] 게시글 85 · 댓글 172 → 긍정 5.1% / 부정 9.7% {'list': 'pc', 'views_fetched': 85, 'views_planned': 85, 'partial': False, 'prev_window_revisits': 0}
[2026-10-06 21:04:03] [steamforum] 게시글 4 · 댓글 32 → 긍정 11.1% / 부정 27.8% {'topics_active': 20}
[2026-10-06 21:04:40] [review] 검토_2026-10-06_2100.xlsx (30건, 20:00~21:00 표본)
[2026-10-06 21:15:02] [steam] SteamDB 67.2% / Steam 68.29% (7,810+ / 3,626-) Mixed
[2026-10-06 21:30:07] [steam] SteamDB 67.04% / Steam 68.12% (7,835+ / 3,666-) Mixed
[2026-10-06 21:31:01] [community] 창 10-06 21:00 ~ 21:30 수집 시작
[2026-10-06 21:34:03] [reddit] 게시글 6 · 댓글 164 → 긍정 15.3% / 부정 12.4% {'comment_pages': 2}
[2026-10-06 21:34:03] [dc] 게시글 85 · 댓글 144 → 긍정 4.8% / 부정 13.1% {'list': 'pc', 'views_fetched': 85, 'views_planned': 85, 'partial': False, 'prev_window_revisits': 0}
[2026-10-06 21:34:03] [steamforum] 게시글 7 · 댓글 41 → 긍정 8.3% / 부정 25.0% {'topics_active': 22}
[2026-10-06 21:45:02] [steam] SteamDB 67.02% / Steam 68.1% (7,850+ / 3,677-) Mixed
[2026-10-06 22:00:02] [steam] SteamDB 66.9% / Steam 67.98% (7,873+ / 3,709-) Mixed
[2026-10-06 22:01:01] [community] 창 10-06 21:30 ~ 22:00 수집 시작
[2026-10-06 22:04:03] [reddit] 게시글 6 · 댓글 172 → 긍정 10.1% / 부정 20.2% {'comment_pages': 2}
[2026-10-06 22:04:03] [dc] 게시글 82 · 댓글 210 → 긍정 10.3% / 부정 7.9% {'list': 'pc', 'views_fetched': 82, 'views_planned': 82, 'partial': False, 'prev_window_revisits': 0}
[2026-10-06 22:04:03] [steamforum] 게시글 8 · 댓글 38 → 긍정 13.0% / 부정 28.3% {'topics_active': 23}
[2026-10-06 22:14:27] [review] 검토_2026-10-06_2200.xlsx (30건, 21:00~22:00 표본)
[2026-10-06 22:15:02] [steam] SteamDB 66.9% / Steam 67.98% (7,873+ / 3,709-) Mixed
[2026-10-06 22:30:02] [steam] SteamDB 66.9% / Steam 67.98% (7,873+ / 3,709-) Mixed
[2026-10-06 22:31:01] [community] 창 10-06 22:00 ~ 22:30 수집 시작
[2026-10-06 22:34:03] [reddit] 게시글 11 · 댓글 182 → 긍정 13.5% / 부정 14.0% {'comment_pages': 2}
[2026-10-06 22:34:03] [dc] 게시글 74 · 댓글 84 → 긍정 5.1% / 부정 13.9% {'list': 'pc', 'views_fetched': 74, 'views_planned': 74, 'partial': False, 'prev_window_revisits': 0}
[2026-10-06 22:34:03] [steamforum] 게시글 9 · 댓글 30 → 긍정 30.8% / 부정 28.2% {'topics_active': 23}
[2026-10-06 22:45:02] [steam] SteamDB 66.9% / Steam 67.98% (7,873+ / 3,709-) Mixed
[2026-10-06 23:00:02] [steam] SteamDB 66.66% / Steam 67.71% (7,946+ / 3,789-) Mixed
[2026-10-06 23:01:01] [community] 창 10-06 22:30 ~ 23:00 수집 시작
[2026-10-06 23:05:03] [reddit] 게시글 11 · 댓글 201 → 긍정 13.2% / 부정 14.6% {'comment_pages': 3}
[2026-10-06 23:05:03] [dc] 게시글 84 · 댓글 176 → 긍정 7.3% / 부정 12.3% {'list': 'pc', 'views_fetched': 84, 'views_planned': 84, 'partial': False, 'prev_window_revisits': 0}
[2026-10-06 23:05:03] [steamforum] 게시글 12 · 댓글 36 → 긍정 16.7% / 부정 29.2% {'topics_active': 21}
[2026-10-06 23:05:45] [review] 검토_2026-10-06_2300.xlsx (30건, 22:00~23:00 표본)
[2026-10-06 23:15:02] [steam] SteamDB 66.66% / Steam 67.71% (7,946+ / 3,789-) Mixed
[2026-10-06 23:30:02] [steam] SteamDB 66.66% / Steam 67.71% (7,946+ / 3,789-) Mixed
[2026-10-06 23:31:01] [community] 창 10-06 23:00 ~ 23:30 수집 시작
[2026-10-06 23:34:03] [reddit] 게시글 3 · 댓글 175 → 긍정 14.6% / 부정 23.0% {'comment_pages': 2}
[2026-10-06 23:34:03] [dc] 게시글 78 · 댓글 151 → 긍정 4.4% / 부정 8.7% {'list': 'pc', 'views_fetched': 78, 'views_planned': 78, 'partial': False, 'prev_window_revisits': 0}
[2026-10-06 23:34:03] [steamforum] 게시글 5 · 댓글 48 → 긍정 15.1% / 부정 22.6% {'topics_active': 20}
[2026-10-06 23:45:02] [steam] SteamDB 66.66% / Steam 67.71% (7,946+ / 3,789-) Mixed
[2026-10-07 08:01:06] [community] 창 10-07 07:30 ~ 08:00 수집 시작
[2026-10-07 08:04:04] [reddit] 게시글 7 · 댓글 161 → 긍정 18.5% / 부정 14.3% {'comment_pages': 2}
[2026-10-07 08:04:04] [dc] 게시글 67 · 댓글 193 → 긍정 5.4% / 부정 21.2% {'list': 'pc', 'views_fetched': 79, 'views_planned': 79, 'partial': False, 'prev_window_revisits': 12}
[2026-10-07 08:04:04] [steamforum] 게시글 7 · 댓글 31 → 긍정 13.2% / 부정 21.1% {'topics_active': 21}
[2026-10-07 08:15:02] [steam] SteamDB 64.64% / Steam 65.54% (8,653+ / 4,550-) Mixed
[2026-10-07 08:16:14] [review] 검토_2026-10-07_0800.xlsx (30건, 07:00~08:00 표본)
[2026-10-07 08:30:02] [steam] SteamDB 64.64% / Steam 65.54% (8,653+ / 4,550-) Mixed
[2026-10-07 08:31:01] [community] 창 10-07 08:00 ~ 08:30 수집 시작
[2026-10-07 08:34:04] [reddit] 게시글 8 · 댓글 156 → 긍정 14.0% / 부정 9.8% {'comment_pages': 2}
[2026-10-07 08:34:04] [dc] 게시글 74 · 댓글 193 → 긍정 8.2% / 부정 13.9% {'list': 'pc', 'views_fetched': 78, 'views_planned': 78, 'partial': False, 'prev_window_revisits': 4}
[2026-10-07 08:34:04] [steamforum] 게시글 5 · 댓글 14 → 긍정 10.5% / 부정 10.5% {'topics_active': 14}
[2026-10-07 08:45:02] [steam] SteamDB 64.64% / Steam 65.54% (8,653+ / 4,550-) Mixed
[2026-10-07 09:00:01] [steam] SteamDB 64.64% / Steam 65.54% (8,653+ / 4,550-) Mixed
[2026-10-07 09:01:01] [community] 창 10-07 08:30 ~ 09:00 수집 시작
[2026-10-07 09:04:03] [reddit] 게시글 4 · 댓글 161 → 긍정 13.9% / 부정 10.3% {'comment_pages': 2}
[2026-10-07 09:04:03] [dc] 게시글 88 · 댓글 291 → 긍정 6.3% / 부정 14.5% {'list': 'pc', 'views_fetched': 88, 'views_planned': 88, 'partial': False, 'prev_window_revisits': 0}
[2026-10-07 09:04:03] [steamforum] 게시글 5 · 댓글 53 → 긍정 17.2% / 부정 20.7% {'topics_active': 25}
[2026-10-07 09:04:04] [review] 검토_2026-10-07_0900.xlsx (30건, 08:00~09:00 표본)
[2026-10-07 09:15:01] [steam] SteamDB 64.6% / Steam 65.48% (8,742+ / 4,608-) Mixed
[2026-10-07 09:30:01] [steam] SteamDB 64.6% / Steam 65.48% (8,742+ / 4,608-) Mixed
[2026-10-07 09:31:01] [community] 창 10-07 09:00 ~ 09:30 수집 시작
[2026-10-07 09:34:03] [reddit] 게시글 7 · 댓글 154 → 긍정 15.5% / 부정 18.0% {'comment_pages': 2}
[2026-10-07 09:34:03] [dc] 게시글 84 · 댓글 134 → 긍정 6.4% / 부정 9.6% {'list': 'pc', 'views_fetched': 84, 'views_planned': 84, 'partial': False, 'prev_window_revisits': 0}
[2026-10-07 09:34:03] [steamforum] 게시글 8 · 댓글 24 → 긍정 12.5% / 부정 28.1% {'topics_active': 20}
[2026-10-07 09:45:02] [steam] SteamDB 64.6% / Steam 65.48% (8,742+ / 4,608-) Mixed
[2026-10-07 10:00:02] [steam] SteamDB 64.6% / Steam 65.48% (8,742+ / 4,608-) Mixed
[2026-10-07 10:01:02] [community] 창 10-07 09:30 ~ 10:00 수집 시작
[2026-10-07 10:04:03] [reddit] 게시글 4 · 댓글 157 → 긍정 12.4% / 부정 19.3% {'comment_pages': 2}
[2026-10-07 10:04:03] [dc] 게시글 86 · 댓글 152 → 긍정 5.0% / 부정 11.3% {'list': 'pc', 'views_fetched': 86, 'views_planned': 86, 'partial': False, 'prev_window_revisits': 0}
[2026-10-07 10:04:03] [steamforum] 게시글 7 · 댓글 28 → 긍정 11.4% / 부정 34.3% {'topics_active': 16}
[2026-10-07 10:04:03] [review] 검토_2026-10-07_1000.xlsx (30건, 09:00~10:00 표본)
[2026-10-07 10:15:02] [steam] SteamDB 64.48% / Steam 65.36% (8,806+ / 4,667-) Mixed
[2026-10-07 10:30:02] [steam] SteamDB 64.48% / Steam 65.36% (8,806+ / 4,667-) Mixed
[2026-10-07 10:31:02] [community] 창 10-07 10:00 ~ 10:30 수집 시작
[2026-10-07 10:35:03] [reddit] 게시글 8 · 댓글 203 → 긍정 14.2% / 부정 24.6% {'comment_pages': 3}
[2026-10-07 10:35:03] [dc] 게시글 86 · 댓글 218 → 긍정 8.9% / 부정 11.2% {'list': 'pc', 'views_fetched': 86, 'views_planned': 86, 'partial': False, 'prev_window_revisits': 0}
[2026-10-07 10:35:03] [steamforum] 게시글 5 · 댓글 47 → 긍정 23.1% / 부정 34.6% {'topics_active': 19}
[2026-10-07 10:45:02] [steam] SteamDB 64.48% / Steam 65.36% (8,806+ / 4,667-) Mixed
[2026-10-07 11:00:02] [steam] SteamDB 64.48% / Steam 65.36% (8,806+ / 4,667-) Mixed
[2026-10-07 11:01:02] [community] 창 10-07 10:30 ~ 11:00 수집 시작
[2026-10-07 11:01:02] [community] 라벨 변경 감지(300건) → 과거 수집분 전체 재계산
[2026-10-07 11:01:03] [rescore] 라벨 300건 · 모델 lexicon (CV 67.0%) → 12,191개 항목 · 24개 창 재계산 (0.8초)
[2026-10-07 11:05:03] [reddit] 게시글 6 · 댓글 190 → 긍정 9.7% / 부정 51.5% {'comment_pages': 3}
[2026-10-07 11:05:03] [dc] 게시글 85 · 댓글 209 → 긍정 6.5% / 부정 9.5% {'list': 'pc', 'views_fetched': 85, 'views_planned': 85, 'partial': False, 'prev_window_revisits': 0}
[2026-10-07 11:05:03] [steamforum] 게시글 4 · 댓글 23 → 긍정 11.1% / 부정 51.9% {'topics_active': 16}
[2026-10-07 11:05:04] [review] 검토_2026-10-07_1100.xlsx (30건, 10:00~11:00 표본)
[2026-10-07 11:15:02] [steam] SteamDB 64.39% / Steam 65.26% (8,879+ / 4,727-) Mixed
[2026-10-07 11:30:01] [steam] SteamDB 64.39% / Steam 65.26% (8,879+ / 4,727-) Mixed
[2026-10-07 11:31:02] [community] 창 10-07 11:00 ~ 11:30 수집 시작
[2026-10-07 11:31:02] [community] 라벨 변경 감지(329건) → 과거 수집분 전체 재계산
[2026-10-07 11:31:03] [rescore] 라벨 329건 · 모델 lexicon (CV 67.5%) → 12,708개 항목 · 25개 창 재계산 (0.8초)
[2026-10-07 11:34:03] [reddit] 게시글 4 · 댓글 150 → 긍정 7.1% / 부정 54.5% {'comment_pages': 2}
[2026-10-07 11:34:03] [dc] 게시글 83 · 댓글 165 → 긍정 5.6% / 부정 10.9% {'list': 'pc', 'views_fetched': 83, 'views_planned': 83, 'partial': False, 'prev_window_revisits': 0}
[2026-10-07 11:34:03] [steamforum] 게시글 7 · 댓글 24 → 긍정 12.9% / 부정 48.4% {'topics_active': 16}
[2026-10-07 11:45:01] [steam] SteamDB 64.39% / Steam 65.26% (8,879+ / 4,727-) Mixed
[2026-10-07 12:00:01] [steam] SteamDB 64.39% / Steam 65.26% (8,879+ / 4,727-) Mixed
[2026-10-07 12:01:02] [community] 창 10-07 11:30 ~ 12:00 수집 시작
[2026-10-07 12:04:03] [reddit] 게시글 10 · 댓글 148 → 긍정 8.2% / 부정 49.4% {'comment_pages': 2}
[2026-10-07 12:04:03] [dc] 게시글 88 · 댓글 166 → 긍정 10.6% / 부정 13.0% {'list': 'pc', 'views_fetched': 88, 'views_planned': 88, 'partial': False, 'prev_window_revisits': 0}
[2026-10-07 12:04:03] [steamforum] 게시글 1 · 댓글 26 → 긍정 3.7% / 부정 51.9% {'topics_active': 10}
[2026-10-07 12:04:04] [review] 검토_2026-10-07_1200.xlsx (30건, 11:00~12:00 표본)
[2026-10-07 12:15:01] [steam] SteamDB 64.34% / Steam 65.2% (8,933+ / 4,768-) Mixed
[2026-10-07 12:30:01] [steam] SteamDB 64.34% / Steam 65.2% (8,933+ / 4,768-) Mixed
[2026-10-07 12:31:02] [community] 창 10-07 12:00 ~ 12:30 수집 시작
[2026-10-07 12:34:03] [reddit] 게시글 4 · 댓글 140 → 긍정 10.4% / 부정 54.2% {'comment_pages': 2}
[2026-10-07 12:34:03] [dc] 게시글 85 · 댓글 237 → 긍정 5.3% / 부정 10.6% {'list': 'pc', 'views_fetched': 87, 'views_planned': 87, 'partial': False, 'prev_window_revisits': 2}
[2026-10-07 12:34:03] [steamforum] 게시글 3 · 댓글 22 → 긍정 4.0% / 부정 44.0% {'topics_active': 13}
[2026-10-07 12:45:01] [steam] SteamDB 64.34% / Steam 65.2% (8,933+ / 4,768-) Mixed
[2026-10-07 13:00:01] [steam] SteamDB 64.34% / Steam 65.2% (8,933+ / 4,768-) Mixed
[2026-10-07 13:01:02] [community] 창 10-07 12:30 ~ 13:00 수집 시작
[2026-10-07 13:04:03] [reddit] 게시글 1 · 댓글 126 → 긍정 11.8% / 부정 48.8% {'comment_pages': 2}
[2026-10-07 13:04:03] [dc] 게시글 64 · 댓글 180 → 긍정 7.4% / 부정 12.3% {'list': 'pc', 'views_fetched': 70, 'views_planned': 70, 'partial': False, 'prev_window_revisits': 6}
[2026-10-07 13:04:03] [steamforum] 게시글 5 · 댓글 23 → 긍정 7.1% / 부정 64.3% {'topics_active': 13}
[2026-10-07 13:04:04] [review] 검토_2026-10-07_1300.xlsx (30건, 12:00~13:00 표본)
[2026-10-07 13:15:01] [steam] SteamDB 64.35% / Steam 65.21% (9,000+ / 4,802-) Mixed
[2026-10-07 13:30:01] [steam] SteamDB 64.35% / Steam 65.21% (9,000+ / 4,802-) Mixed
[2026-10-07 13:31:02] [community] 창 10-07 13:00 ~ 13:30 수집 시작
[2026-10-07 13:34:03] [reddit] 게시글 6 · 댓글 151 → 긍정 7.6% / 부정 49.7% {'comment_pages': 2}
[2026-10-07 13:34:03] [dc] 게시글 85 · 댓글 129 → 긍정 5.6% / 부정 12.1% {'list': 'pc', 'views_fetched': 85, 'views_planned': 85, 'partial': False, 'prev_window_revisits': 0}
[2026-10-07 13:34:03] [steamforum] 게시글 4 · 댓글 18 → 긍정 0.0% / 부정 77.3% {'topics_active': 15}
[2026-10-07 13:45:01] [steam] SteamDB 64.35% / Steam 65.21% (9,000+ / 4,802-) Mixed
[2026-10-07 14:00:01] [steam] SteamDB 64.35% / Steam 65.21% (9,000+ / 4,802-) Mixed
[2026-10-07 14:01:02] [community] 창 10-07 13:30 ~ 14:00 수집 시작
[2026-10-07 14:04:03] [reddit] 게시글 7 · 댓글 149 → 긍정 6.4% / 부정 51.9% {'comment_pages': 2}
[2026-10-07 14:04:03] [dc] 게시글 85 · 댓글 248 → 긍정 5.1% / 부정 10.5% {'list': 'pc', 'views_fetched': 85, 'views_planned': 85, 'partial': False, 'prev_window_revisits': 0}
[2026-10-07 14:04:03] [steamforum] 게시글 6 · 댓글 25 → 긍정 9.7% / 부정 64.5% {'topics_active': 20}
[2026-10-07 14:04:03] [review] 검토_2026-10-07_1400.xlsx (30건, 13:00~14:00 표본)
[2026-10-07 14:15:01] [steam] SteamDB 64.25% / Steam 65.11% (9,029+ / 4,839-) Mixed
[2026-10-07 14:30:01] [steam] SteamDB 64.25% / Steam 65.11% (9,029+ / 4,839-) Mixed
[2026-10-07 14:31:02] [community] 창 10-07 14:00 ~ 14:30 수집 시작
[2026-10-07 14:34:03] [reddit] 게시글 4 · 댓글 131 → 긍정 4.4% / 부정 57.8% {'comment_pages': 2}
[2026-10-07 14:34:03] [dc] 게시글 79 · 댓글 297 → 긍정 5.3% / 부정 9.3% {'list': 'pc', 'views_fetched': 83, 'views_planned': 83, 'partial': False, 'prev_window_revisits': 4}
[2026-10-07 14:34:03] [steamforum] 게시글 3 · 댓글 17 → 긍정 0.0% / 부정 35.0% {'topics_active': 14}
[2026-10-07 14:45:01] [steam] SteamDB 64.25% / Steam 65.11% (9,029+ / 4,839-) Mixed
[2026-10-07 15:00:01] [steam] SteamDB 64.25% / Steam 65.11% (9,029+ / 4,839-) Mixed
[2026-10-07 15:01:02] [community] 창 10-07 14:30 ~ 15:00 수집 시작
[2026-10-07 15:04:03] [reddit] 게시글 4 · 댓글 179 → 긍정 8.2% / 부정 50.8% {'comment_pages': 2}
[2026-10-07 15:04:03] [dc] 게시글 81 · 댓글 251 → 긍정 6.0% / 부정 11.4% {'list': 'pc', 'views_fetched': 85, 'views_planned': 85, 'partial': False, 'prev_window_revisits': 4}
[2026-10-07 15:04:03] [steamforum] 게시글 3 · 댓글 14 → 긍정 5.9% / 부정 70.6% {'topics_active': 12}
[2026-10-07 15:04:04] [review] 검토_2026-10-07_1500.xlsx (30건, 14:00~15:00 표본)
[2026-10-07 15:15:01] [steam] SteamDB 64.18% / Steam 65.03% (9,075+ / 4,880-) Mixed
[2026-10-07 15:30:01] [steam] SteamDB 64.18% / Steam 65.03% (9,075+ / 4,880-) Mixed
[2026-10-07 15:31:02] [community] 창 10-07 15:00 ~ 15:30 수집 시작
[2026-10-07 15:34:03] [reddit] 게시글 6 · 댓글 171 → 긍정 5.6% / 부정 45.2% {'comment_pages': 2}
[2026-10-07 15:34:04] [dc] 게시글 58 · 댓글 287 → 긍정 5.8% / 부정 9.6% {'list': 'pc', 'views_fetched': 73, 'views_planned': 73, 'partial': False, 'prev_window_revisits': 15}
[2026-10-07 15:34:04] [steamforum] 게시글 5 · 댓글 31 → 긍정 5.6% / 부정 63.9% {'topics_active': 15}
[2026-10-07 15:45:01] [steam] SteamDB 64.18% / Steam 65.03% (9,075+ / 4,880-) Mixed
[2026-10-07 16:00:01] [steam] SteamDB 64.18% / Steam 65.03% (9,075+ / 4,880-) Mixed
[2026-10-07 16:01:01] [community] 창 10-07 15:30 ~ 16:00 수집 시작
[2026-10-07 16:05:03] [reddit] 게시글 13 · 댓글 275 → 긍정 5.9% / 부정 47.6% {'comment_pages': 3}
[2026-10-07 16:05:03] [dc] 게시글 51 · 댓글 256 → 긍정 6.2% / 부정 12.1% {'list': 'pc', 'views_fetched': 71, 'views_planned': 71, 'partial': False, 'prev_window_revisits': 20}
[2026-10-07 16:05:03] [steamforum] 게시글 13 · 댓글 121 → 긍정 1.5% / 부정 59.0% {'topics_active': 38}
[2026-10-07 16:05:04] [review] 검토_2026-10-07_1600.xlsx (30건, 15:00~16:00 표본)
[2026-10-07 16:15:01] [steam] SteamDB 64.51% / Steam 65.37% (9,306+ / 4,930-) Mixed
[2026-10-07 16:30:06] [steam] SteamDB 64.51% / Steam 65.37% (9,306+ / 4,930-) Mixed
[2026-10-07 16:31:01] [community] 창 10-07 16:00 ~ 16:30 수집 시작
[2026-10-07 16:36:03] [reddit] 게시글 10 · 댓글 307 → 긍정 9.5% / 부정 48.9% {'comment_pages': 4}
[2026-10-07 16:36:03] [dc] 게시글 71 · 댓글 267 → 긍정 3.6% / 부정 9.8% {'list': 'pc', 'views_fetched': 83, 'views_planned': 83, 'partial': False, 'prev_window_revisits': 12}
[2026-10-07 16:36:03] [steamforum] 게시글 7 · 댓글 54 → 긍정 1.6% / 부정 45.9% {'topics_active': 25}
[2026-10-07 16:45:02] [steam] SteamDB 64.51% / Steam 65.37% (9,306+ / 4,930-) Mixed
[2026-10-07 17:00:02] [steam] SteamDB 64.51% / Steam 65.37% (9,306+ / 4,930-) Mixed
[2026-10-07 17:01:02] [community] 창 10-07 16:30 ~ 17:00 수집 시작
[2026-10-07 17:05:03] [reddit] 게시글 8 · 댓글 215 → 긍정 6.7% / 부정 54.7% {'comment_pages': 3}
[2026-10-07 17:05:03] [dc] 게시글 53 · 댓글 213 → 긍정 5.3% / 부정 12.0% {'list': 'pc', 'views_fetched': 67, 'views_planned': 67, 'partial': False, 'prev_window_revisits': 14}
[2026-10-07 17:05:03] [steamforum] 게시글 9 · 댓글 78 → 긍정 4.6% / 부정 48.3% {'topics_active': 29}
[2026-10-07 17:05:04] [review] 검토_2026-10-07_1700.xlsx (30건, 16:00~17:00 표본)
[2026-10-07 17:15:02] [steam] SteamDB 64.81% / Steam 65.69% (9,511+ / 4,968-) Mixed
[2026-10-07 17:30:02] [steam] SteamDB 64.81% / Steam 65.69% (9,511+ / 4,968-) Mixed
[2026-10-07 17:31:02] [community] 창 10-07 17:00 ~ 17:30 수집 시작
[2026-10-07 17:36:03] [reddit] 게시글 8 · 댓글 291 → 긍정 9.0% / 부정 51.5% {'comment_pages': 4}
[2026-10-07 17:36:03] [dc] 게시글 85 · 댓글 134 → 긍정 3.2% / 부정 16.0% {'list': 'pc', 'views_fetched': 85, 'views_planned': 85, 'partial': False, 'prev_window_revisits': 0}
[2026-10-07 17:36:03] [steamforum] 게시글 9 · 댓글 112 → 긍정 6.6% / 부정 43.8% {'topics_active': 27}
[2026-10-07 17:45:02] [steam] SteamDB 64.81% / Steam 65.69% (9,511+ / 4,968-) Mixed
[2026-10-07 18:00:02] [steam] SteamDB 64.81% / Steam 65.69% (9,511+ / 4,968-) Mixed
[2026-10-07 18:01:02] [community] 창 10-07 17:30 ~ 18:00 수집 시작
[2026-10-07 18:01:02] [community] 라벨 변경 감지(359건) → 과거 수집분 전체 재계산
[2026-10-07 18:01:03] [rescore] 라벨 359건 · 모델 lexicon (CV 67.1%) → 19,664개 항목 · 38개 창 재계산 (1.1초)
[2026-10-07 18:05:03] [reddit] 게시글 5 · 댓글 263 → 긍정 7.8% / 부정 51.1% {'comment_pages': 3}
[2026-10-07 18:05:03] [dc] 게시글 84 · 댓글 214 → 긍정 6.7% / 부정 15.1% {'list': 'pc', 'views_fetched': 85, 'views_planned': 85, 'partial': False, 'prev_window_revisits': 1}
[2026-10-07 18:05:03] [steamforum] 게시글 10 · 댓글 115 → 긍정 8.0% / 부정 41.6% {'topics_active': 26}
[2026-10-07 18:05:03] [review] 검토_2026-10-07_1800.xlsx (30건, 17:00~18:00 표본)
[2026-10-07 18:05:03] [ai-eval] 라벨 359건 (지난 시험 240건) → AI 재시험 시작
[2026-10-07 18:05:20] [steam] SteamDB 65.03% / Steam 65.92% (9,684+ / 5,007-) Mixed
[2026-10-07 18:05:49] [ai-eval] 통과 — AI가 분명함(h)일 때만 AI 78.0% ≥ 기준 72.1% → AI 분류 켬
[2026-10-07 18:15:02] [steam] SteamDB 65.03% / Steam 65.92% (9,684+ / 5,007-) Mixed
[2026-10-07 18:30:02] [steam] SteamDB 65.03% / Steam 65.92% (9,684+ / 5,007-) Mixed
[2026-10-07 18:31:01] [community] 창 10-07 18:00 ~ 18:30 수집 시작
[2026-10-07 18:31:01] [community] 라벨 변경 감지(389건) → 과거 수집분 전체 재계산
[2026-10-07 18:31:03] [rescore] 라벨 389건 · 모델 lexicon (CV 66.8%) → 20,355개 항목 · 39개 창 재계산 (1.1초)
[2026-10-07 18:35:33] [ai] 572/572건 AI 분류 (30초, 조합 h_only)
[2026-10-07 18:35:33] [reddit] 게시글 5 · 댓글 228 → 긍정 7.3% / 부정 47.6% {'comment_pages': 3}
[2026-10-07 18:35:33] [dc] 게시글 71 · 댓글 191 → 긍정 2.3% / 부정 7.6% {'list': 'pc', 'views_fetched': 78, 'views_planned': 78, 'partial': False, 'prev_window_revisits': 7}
[2026-10-07 18:35:33] [steamforum] 게시글 10 · 댓글 67 → 긍정 10.4% / 부정 32.5% {'topics_active': 31}
[2026-10-07 18:45:02] [steam] SteamDB 65.03% / Steam 65.92% (9,684+ / 5,007-) Mixed
[2026-10-07 19:00:02] [steam] SteamDB 65.03% / Steam 65.92% (9,684+ / 5,007-) Mixed
[2026-10-07 19:01:01] [community] 창 10-07 18:30 ~ 19:00 수집 시작
[2026-10-07 19:04:28] [ai] 402/402건 AI 분류 (25초, 조합 h_only)
[2026-10-07 19:04:28] [reddit] 게시글 0 · 댓글 176 → 긍정 7.4% / 부정 42.0% {'comment_pages': 2}
[2026-10-07 19:04:28] [dc] 게시글 63 · 댓글 112 → 긍정 2.9% / 부정 8.6% {'list': 'pc', 'views_fetched': 75, 'views_planned': 75, 'partial': False, 'prev_window_revisits': 12}
[2026-10-07 19:04:29] [steamforum] 게시글 8 · 댓글 43 → 긍정 3.9% / 부정 54.9% {'topics_active': 24}
[2026-10-07 19:04:29] [review] 검토_2026-10-07_1900.xlsx (30건, 18:00~19:00 표본)
[2026-10-07 19:15:02] [steam] SteamDB 65.17% / Steam 66.06% (9,805+ / 5,038-) Mixed
[2026-10-07 19:30:02] [steam] SteamDB 65.17% / Steam 66.06% (9,805+ / 5,038-) Mixed
[2026-10-07 19:31:01] [community] 창 10-07 19:00 ~ 19:30 수집 시작
[2026-10-07 19:34:27] [ai] 397/397건 AI 분류 (23초, 조합 h_only)
[2026-10-07 19:34:27] [reddit] 게시글 5 · 댓글 135 → 긍정 7.1% / 부정 30.7% {'comment_pages': 2}
[2026-10-07 19:34:27] [dc] 게시글 57 · 댓글 146 → 긍정 3.9% / 부정 7.4% {'list': 'pc', 'views_fetched': 68, 'views_planned': 68, 'partial': False, 'prev_window_revisits': 11}
[2026-10-07 19:34:27] [steamforum] 게시글 7 · 댓글 47 → 긍정 3.7% / 부정 42.6% {'topics_active': 23}
[2026-10-07 19:45:02] [steam] SteamDB 65.17% / Steam 66.06% (9,805+ / 5,038-) Mixed
[2026-10-07 20:00:02] [steam] SteamDB 65.17% / Steam 66.06% (9,805+ / 5,038-) Mixed
[2026-10-07 20:01:01] [community] 창 10-07 19:30 ~ 20:00 수집 시작
[2026-10-07 20:05:32] [ai] 482/482건 AI 분류 (29초, 조합 h_only)
[2026-10-07 20:05:32] [reddit] 게시글 10 · 댓글 213 → 긍정 5.4% / 부정 39.9% {'comment_pages': 3}
[2026-10-07 20:05:32] [dc] 게시글 57 · 댓글 162 → 긍정 2.7% / 부정 6.8% {'list': 'pc', 'views_fetched': 75, 'views_planned': 75, 'partial': False, 'prev_window_revisits': 18}
[2026-10-07 20:05:32] [steamforum] 게시글 6 · 댓글 34 → 긍정 0.0% / 부정 47.5% {'topics_active': 22}
[2026-10-07 20:05:33] [review] 검토_2026-10-07_2000.xlsx (30건, 19:00~20:00 표본)
[2026-10-07 20:15:02] [steam] SteamDB 65.14% / Steam 66.03% (9,879+ / 5,082-) Mixed
[2026-10-07 20:30:02] [steam] SteamDB 65.14% / Steam 66.03% (9,879+ / 5,082-) Mixed
[2026-10-07 20:31:01] [community] 창 10-07 20:00 ~ 20:30 수집 시작
[2026-10-07 20:35:33] [ai] 505/505건 AI 분류 (30초, 조합 h_only)
[2026-10-07 20:35:33] [reddit] 게시글 5 · 댓글 182 → 긍정 2.7% / 부정 44.9% {'comment_pages': 3}
[2026-10-07 20:35:33] [dc] 게시글 62 · 댓글 222 → 긍정 3.2% / 부정 7.0% {'list': 'pc', 'views_fetched': 73, 'views_planned': 73, 'partial': False, 'prev_window_revisits': 11}
[2026-10-07 20:35:33] [steamforum] 게시글 6 · 댓글 28 → 긍정 2.9% / 부정 41.2% {'topics_active': 23}
[2026-10-07 20:45:02] [steam] SteamDB 65.14% / Steam 66.03% (9,879+ / 5,082-) Mixed
[2026-10-07 21:00:02] [steam] SteamDB 65.14% / Steam 66.03% (9,879+ / 5,082-) Mixed
[2026-10-07 21:01:01] [community] 창 10-07 20:30 ~ 21:00 수집 시작
[2026-10-07 21:04:34] [ai] 525/525건 AI 분류 (31초, 조합 h_only)
[2026-10-07 21:04:34] [reddit] 게시글 7 · 댓글 183 → 긍정 10.5% / 부정 44.2% {'comment_pages': 2}
[2026-10-07 21:04:34] [dc] 게시글 86 · 댓글 213 → 긍정 4.0% / 부정 9.7% {'list': 'pc', 'views_fetched': 96, 'views_planned': 96, 'partial': False, 'prev_window_revisits': 10}
[2026-10-07 21:04:35] [steamforum] 게시글 6 · 댓글 30 → 긍정 2.8% / 부정 63.9% {'topics_active': 16}
[2026-10-07 21:04:36] [review] 검토_2026-10-07_2100.xlsx (30건, 20:00~21:00 표본)
[2026-10-07 21:15:02] [steam] SteamDB 65.12% / Steam 66.01% (9,936+ / 5,117-) Mixed
[2026-10-07 21:30:02] [steam] SteamDB 65.12% / Steam 66.01% (9,936+ / 5,117-) Mixed
[2026-10-07 21:31:01] [community] 창 10-07 21:00 ~ 21:30 수집 시작
[2026-10-07 21:35:33] [ai] 494/494건 AI 분류 (29초, 조합 h_only)
[2026-10-07 21:35:33] [reddit] 게시글 6 · 댓글 210 → 긍정 7.4% / 부정 51.4% {'comment_pages': 3}
[2026-10-07 21:35:33] [dc] 게시글 102 · 댓글 141 → 긍정 2.1% / 부정 7.8% {'list': 'pc', 'views_fetched': 112, 'views_planned': 112, 'partial': False, 'prev_window_revisits': 10}
[2026-10-07 21:35:33] [steamforum] 게시글 4 · 댓글 31 → 긍정 2.9% / 부정 51.4% {'topics_active': 22}
[2026-10-07 21:45:02] [steam] SteamDB 65.12% / Steam 66.01% (9,936+ / 5,117-) Mixed
[2026-10-07 22:00:02] [steam] SteamDB 65.12% / Steam 66.01% (9,936+ / 5,117-) Mixed
[2026-10-07 22:01:01] [community] 창 10-07 21:30 ~ 22:00 수집 시작
[2026-10-07 22:05:34] [ai] 529/529건 AI 분류 (31초, 조합 h_only)
[2026-10-07 22:05:34] [reddit] 게시글 5 · 댓글 242 → 긍정 6.5% / 부정 38.9% {'comment_pages': 3}
[2026-10-07 22:05:34] [dc] 게시글 61 · 댓글 177 → 긍정 2.5% / 부정 5.0% {'list': 'pc', 'views_fetched': 73, 'views_planned': 73, 'partial': False, 'prev_window_revisits': 12}
[2026-10-07 22:05:34] [steamforum] 게시글 13 · 댓글 31 → 긍정 9.1% / 부정 40.9% {'topics_active': 29}
[2026-10-07 22:05:35] [review] 검토_2026-10-07_2200.xlsx (30건, 21:00~22:00 표본)
[2026-10-07 22:15:02] [steam] SteamDB 65.04% / Steam 65.92% (10,005+ / 5,172-) Mixed
[2026-10-07 22:30:02] [steam] SteamDB 65.04% / Steam 65.92% (10,005+ / 5,172-) Mixed
[2026-10-07 22:31:01] [community] 창 10-07 22:00 ~ 22:30 수집 시작
[2026-10-07 22:35:34] [ai] 719/719건 AI 분류 (31초, 조합 h_only)
[2026-10-07 22:35:34] [reddit] 게시글 6 · 댓글 223 → 긍정 9.2% / 부정 40.6% {'comment_pages': 3}
[2026-10-07 22:35:35] [dc] 게시글 135 · 댓글 318 → 긍정 2.6% / 부정 2.6% {'list': 'pc', 'views_fetched': 151, 'views_planned': 151, 'partial': False, 'prev_window_revisits': 16}
[2026-10-07 22:35:35] [steamforum] 게시글 3 · 댓글 34 → 긍정 16.2% / 부정 62.2% {'topics_active': 16}
[2026-10-07 22:45:02] [steam] SteamDB 65.04% / Steam 65.92% (10,005+ / 5,172-) Mixed
[2026-10-07 23:00:02] [steam] SteamDB 65.04% / Steam 65.92% (10,005+ / 5,172-) Mixed
[2026-10-07 23:01:01] [community] 창 10-07 22:30 ~ 23:00 수집 시작
[2026-10-07 23:08:54] [ai] 781/781건 AI 분류 (39초, 조합 h_only)
[2026-10-07 23:08:54] [reddit] 게시글 7 · 댓글 221 → 긍정 11.4% / 부정 40.4% {'comment_pages': 3}
[2026-10-07 23:08:55] [dc] 게시글 270 · 댓글 240 → 긍정 1.4% / 부정 6.9% {'list': 'pc', 'views_fetched': 260, 'views_planned': 260, 'partial': False, 'prev_window_revisits': 12}
[2026-10-07 23:08:55] [steamforum] 게시글 4 · 댓글 39 → 긍정 7.0% / 부정 51.2% {'topics_active': 18}
[2026-10-07 23:08:56] [review] 검토_2026-10-07_2300.xlsx (30건, 22:00~23:00 표본)
[2026-10-07 23:15:02] [steam] SteamDB 64.91% / Steam 65.77% (10,056+ / 5,233-) Mixed
[2026-10-07 23:30:02] [steam] SteamDB 64.91% / Steam 65.77% (10,056+ / 5,233-) Mixed
[2026-10-07 23:31:01] [community] 창 10-07 23:00 ~ 23:30 수집 시작
[2026-10-07 23:38:02] [ai] 1037/1037건 AI 분류 (49초, 조합 h_only)
[2026-10-07 23:38:02] [reddit] 게시글 8 · 댓글 236 → 긍정 6.6% / 부정 46.7% {'comment_pages': 3}
[2026-10-07 23:38:02] [dc] 게시글 233 · 댓글 515 → 긍정 2.5% / 부정 7.1% {'list': 'pc', 'views_fetched': 259, 'views_planned': 259, 'partial': False, 'prev_window_revisits': 26}
[2026-10-07 23:38:02] [steamforum] 게시글 5 · 댓글 40 → 긍정 2.2% / 부정 48.9% {'topics_active': 20}
[2026-10-07 23:45:02] [steam] SteamDB 64.91% / Steam 65.77% (10,056+ / 5,233-) Mixed
[2026-10-08 00:00:02] [steam] SteamDB 64.91% / Steam 65.77% (10,056+ / 5,233-) Mixed
[2026-10-08 00:01:01] [community] 창 10-07 23:30 ~ 00:00 수집 시작
[2026-10-08 00:05:41] [ai] 784/784건 AI 분류 (37초, 조합 h_only)
[2026-10-08 00:05:41] [reddit] 게시글 11 · 댓글 213 → 긍정 8.9% / 부정 43.8% {'comment_pages': 3}
[2026-10-08 00:05:41] [dc] 게시글 125 · 댓글 386 → 긍정 3.7% / 부정 10.2% {'list': 'pc', 'views_fetched': 156, 'views_planned': 156, 'partial': False, 'prev_window_revisits': 31}
[2026-10-08 00:05:41] [steamforum] 게시글 14 · 댓글 35 → 긍정 6.1% / 부정 49.0% {'topics_active': 33}
[2026-10-08 00:05:42] [review] 검토_2026-10-08_0000.xlsx (30건, 23:00~00:00 표본)
[2026-10-08 00:15:02] [steam] SteamDB 64.77% / Steam 65.63% (10,106+ / 5,293-) Mixed
[2026-10-08 00:30:02] [steam] SteamDB 64.77% / Steam 65.63% (10,106+ / 5,293-) Mixed
[2026-10-08 00:31:01] [community] 창 10-08 00:00 ~ 00:30 수집 시작
[2026-10-08 00:35:33] [ai] 515/515건 AI 분류 (29초, 조합 h_only)
[2026-10-08 00:35:33] [reddit] 게시글 3 · 댓글 243 → 긍정 9.3% / 부정 45.9% {'comment_pages': 3}
[2026-10-08 00:35:33] [dc] 게시글 57 · 댓글 162 → 긍정 1.4% / 부정 7.3% {'list': 'pc', 'views_fetched': 71, 'views_planned': 71, 'partial': False, 'prev_window_revisits': 14}
[2026-10-08 00:35:33] [steamforum] 게시글 5 · 댓글 45 → 긍정 8.0% / 부정 38.0% {'topics_active': 24}
[2026-10-08 00:45:07] [steam] SteamDB 64.77% / Steam 65.63% (10,106+ / 5,293-) Mixed
[2026-10-08 01:00:01] [steam] SteamDB 64.77% / Steam 65.63% (10,106+ / 5,293-) Mixed
[2026-10-08 01:01:01] [community] 창 10-08 00:30 ~ 01:00 수집 시작
[2026-10-08 01:05:36] [ai] 516/516건 AI 분류 (32초, 조합 h_only)
[2026-10-08 01:05:36] [reddit] 게시글 11 · 댓글 213 → 긍정 4.0% / 부정 44.6% {'comment_pages': 3}
[2026-10-08 01:05:36] [dc] 게시글 57 · 댓글 180 → 긍정 2.5% / 부정 7.2% {'list': 'pc', 'views_fetched': 65, 'views_planned': 65, 'partial': False, 'prev_window_revisits': 8}
[2026-10-08 01:05:36] [steamforum] 게시글 6 · 댓글 49 → 긍정 3.6% / 부정 60.0% {'topics_active': 28}
[2026-10-08 01:05:36] [review] 검토_2026-10-08_0100.xlsx (30건, 00:00~01:00 표본)
[2026-10-08 01:15:01] [steam] SteamDB 64.68% / Steam 65.53% (10,190+ / 5,361-) Mixed
[2026-10-08 01:30:01] [steam] SteamDB 64.68% / Steam 65.53% (10,190+ / 5,361-) Mixed
[2026-10-08 01:31:01] [community] 창 10-08 01:00 ~ 01:30 수집 시작
[2026-10-08 01:35:31] [ai] 530/530건 AI 분류 (28초, 조합 h_only)
[2026-10-08 01:35:31] [reddit] 게시글 8 · 댓글 229 → 긍정 7.6% / 부정 43.0% {'comment_pages': 3}
[2026-10-08 01:35:31] [dc] 게시글 58 · 댓글 177 → 긍정 2.1% / 부정 14.5% {'list': 'pc', 'views_fetched': 77, 'views_planned': 77, 'partial': False, 'prev_window_revisits': 19}
[2026-10-08 01:35:31] [steamforum] 게시글 4 · 댓글 54 → 긍정 3.4% / 부정 55.2% {'topics_active': 25}
[2026-10-08 01:45:01] [steam] SteamDB 64.68% / Steam 65.53% (10,190+ / 5,361-) Mixed
[2026-10-08 02:00:01] [steam] SteamDB 64.68% / Steam 65.53% (10,190+ / 5,361-) Mixed
[2026-10-08 02:01:01] [community] 창 10-08 01:30 ~ 02:00 수집 시작
[2026-10-08 02:05:33] [ai] 468/468건 AI 분류 (29초, 조합 h_only)
[2026-10-08 02:05:33] [reddit] 게시글 10 · 댓글 226 → 긍정 3.8% / 부정 47.5% {'comment_pages': 3}
[2026-10-08 02:05:33] [dc] 게시글 45 · 댓글 156 → 긍정 0.5% / 부정 9.5% {'list': 'pc', 'views_fetched': 57, 'views_planned': 57, 'partial': False, 'prev_window_revisits': 12}
[2026-10-08 02:05:33] [steamforum] 게시글 5 · 댓글 26 → 긍정 16.1% / 부정 45.2% {'topics_active': 17}
[2026-10-08 02:05:33] [review] 검토_2026-10-08_0200.xlsx (30건, 01:00~02:00 표본)
[2026-10-08 02:15:01] [steam] SteamDB 64.56% / Steam 65.4% (10,253+ / 5,424-) Mixed
[2026-10-08 02:30:01] [steam] SteamDB 64.56% / Steam 65.4% (10,253+ / 5,424-) Mixed
[2026-10-08 02:31:01] [community] 창 10-08 02:00 ~ 02:30 수집 시작
[2026-10-08 02:34:24] [ai] 387/387건 AI 분류 (20초, 조합 h_only)
[2026-10-08 02:34:24] [reddit] 게시글 4 · 댓글 145 → 긍정 8.7% / 부정 32.9% {'comment_pages': 2}
[2026-10-08 02:34:24] [dc] 게시글 50 · 댓글 161 → 긍정 4.7% / 부정 9.0% {'list': 'pc', 'views_fetched': 67, 'views_planned': 67, 'partial': False, 'prev_window_revisits': 17}
[2026-10-08 02:34:24] [steamforum] 게시글 7 · 댓글 20 → 긍정 0.0% / 부정 74.1% {'topics_active': 18}
[2026-10-08 02:45:01] [steam] SteamDB 64.56% / Steam 65.4% (10,253+ / 5,424-) Mixed
[2026-10-08 03:00:01] [steam] SteamDB 64.56% / Steam 65.4% (10,253+ / 5,424-) Mixed
[2026-10-08 03:01:01] [community] 창 10-08 02:30 ~ 03:00 수집 시작
[2026-10-08 03:05:37] [ai] 380/380건 AI 분류 (32초, 조합 h_only)
[2026-10-08 03:05:37] [reddit] 게시글 13 · 댓글 201 → 긍정 6.1% / 부정 31.8% {'comment_pages': 3}
[2026-10-08 03:05:37] [dc] 게시글 35 · 댓글 94 → 긍정 7.8% / 부정 13.2% {'list': 'pc', 'views_fetched': 48, 'views_planned': 48, 'partial': False, 'prev_window_revisits': 13}
[2026-10-08 03:05:37] [steamforum] 게시글 4 · 댓글 33 → 긍정 5.4% / 부정 51.4% {'topics_active': 21}
[2026-10-08 03:05:38] [review] 검토_2026-10-08_0300.xlsx (30건, 02:00~03:00 표본)
[2026-10-08 03:15:01] [steam] SteamDB 64.48% / Steam 65.32% (10,313+ / 5,476-) Mixed
[2026-10-08 03:30:01] [steam] SteamDB 64.48% / Steam 65.32% (10,313+ / 5,476-) Mixed
[2026-10-08 03:31:01] [community] 창 10-08 03:00 ~ 03:30 수집 시작
[2026-10-08 03:34:29] [ai] 413/413건 AI 분류 (24초, 조합 h_only)
[2026-10-08 03:34:29] [reddit] 게시글 6 · 댓글 169 → 긍정 4.0% / 부정 48.6% {'comment_pages': 2}
[2026-10-08 03:34:29] [dc] 게시글 33 · 댓글 166 → 긍정 2.5% / 부정 5.0% {'list': 'pc', 'views_fetched': 45, 'views_planned': 45, 'partial': False, 'prev_window_revisits': 12}
[2026-10-08 03:34:29] [steamforum] 게시글 8 · 댓글 31 → 긍정 5.1% / 부정 43.6% {'topics_active': 19}
[2026-10-08 03:45:01] [steam] SteamDB 64.48% / Steam 65.32% (10,313+ / 5,476-) Mixed
[2026-10-08 04:00:01] [steam] SteamDB 64.48% / Steam 65.32% (10,313+ / 5,476-) Mixed
[2026-10-08 04:01:01] [community] 창 10-08 03:30 ~ 04:00 수집 시작
[2026-10-08 04:04:22] [ai] 376/376건 AI 분류 (19초, 조합 h_only)
[2026-10-08 04:04:22] [reddit] 게시글 9 · 댓글 168 → 긍정 4.5% / 부정 37.9% {'comment_pages': 2}
[2026-10-08 04:04:22] [dc] 게시글 27 · 댓글 109 → 긍정 8.8% / 부정 14.7% {'list': 'pc', 'views_fetched': 40, 'views_planned': 40, 'partial': False, 'prev_window_revisits': 13}
[2026-10-08 04:04:22] [steamforum] 게시글 6 · 댓글 57 → 긍정 3.2% / 부정 57.1% {'topics_active': 22}
[2026-10-08 04:04:23] [review] 검토_2026-10-08_0400.xlsx (30건, 03:00~04:00 표본)
[2026-10-08 04:15:01] [steam] SteamDB 64.34% / Steam 65.17% (10,380+ / 5,548-) Mixed
[2026-10-08 04:30:01] [steam] SteamDB 64.34% / Steam 65.17% (10,380+ / 5,548-) Mixed
[2026-10-08 04:31:01] [community] 창 10-08 04:00 ~ 04:30 수집 시작
[2026-10-08 04:35:31] [ai] 445/445건 AI 분류 (27초, 조합 h_only)
[2026-10-08 04:35:31] [reddit] 게시글 13 · 댓글 194 → 긍정 7.2% / 부정 36.7% {'comment_pages': 3}
[2026-10-08 04:35:31] [dc] 게시글 42 · 댓글 146 → 긍정 10.6% / 부정 13.8% {'list': 'pc', 'views_fetched': 48, 'views_planned': 48, 'partial': False, 'prev_window_revisits': 6}
[2026-10-08 04:35:31] [steamforum] 게시글 4 · 댓글 46 → 긍정 0.0% / 부정 58.0% {'topics_active': 24}
[2026-10-08 04:45:01] [steam] SteamDB 64.34% / Steam 65.17% (10,380+ / 5,548-) Mixed
[2026-10-08 05:00:01] [steam] SteamDB 64.34% / Steam 65.17% (10,380+ / 5,548-) Mixed
[2026-10-08 05:01:01] [community] 창 10-08 04:30 ~ 05:00 수집 시작
[2026-10-08 05:05:41] [ai] 425/425건 AI 분류 (37초, 조합 h_only)
[2026-10-08 05:05:41] [reddit] 게시글 8 · 댓글 213 → 긍정 7.7% / 부정 40.7% {'comment_pages': 3}
[2026-10-08 05:05:41] [dc] 게시글 27 · 댓글 112 → 긍정 7.2% / 부정 11.5% {'list': 'pc', 'views_fetched': 38, 'views_planned': 38, 'partial': False, 'prev_window_revisits': 11}
[2026-10-08 05:05:41] [steamforum] 게시글 8 · 댓글 57 → 긍정 6.2% / 부정 49.2% {'topics_active': 30}
[2026-10-08 05:05:42] [review] 검토_2026-10-08_0500.xlsx (30건, 04:00~05:00 표본)
[2026-10-08 05:15:01] [steam] SteamDB 64.23% / Steam 65.04% (10,437+ / 5,609-) Mixed
[2026-10-08 05:30:01] [steam] SteamDB 64.23% / Steam 65.04% (10,437+ / 5,609-) Mixed
[2026-10-08 05:31:01] [community] 창 10-08 05:00 ~ 05:30 수집 시작
[2026-10-08 05:34:24] [ai] 300/300건 AI 분류 (20초, 조합 h_only)
[2026-10-08 05:34:24] [reddit] 게시글 3 · 댓글 169 → 긍정 4.7% / 부정 39.0% {'comment_pages': 2}
[2026-10-08 05:34:24] [dc] 게시글 15 · 댓글 77 → 긍정 0.0% / 부정 6.5% {'list': 'pc', 'views_fetched': 24, 'views_planned': 24, 'partial': False, 'prev_window_revisits': 9}
[2026-10-08 05:34:24] [steamforum] 게시글 5 · 댓글 31 → 긍정 8.3% / 부정 33.3% {'topics_active': 21}
[2026-10-08 05:45:01] [steam] SteamDB 64.23% / Steam 65.04% (10,437+ / 5,609-) Mixed
[2026-10-08 06:00:01] [steam] SteamDB 64.23% / Steam 65.04% (10,437+ / 5,609-) Mixed
[2026-10-08 06:01:01] [community] 창 10-08 05:30 ~ 06:00 수집 시작
[2026-10-08 06:05:01] [ai] 301/301건 AI 분류 (58초, 조합 h_only)
[2026-10-08 06:05:02] [reddit] 게시글 8 · 댓글 181 → 긍정 4.8% / 부정 37.0% {'comment_pages': 2}
[2026-10-08 06:05:02] [dc] 게시글 23 · 댓글 51 → 긍정 1.4% / 부정 12.2% {'list': 'pc', 'views_fetched': 29, 'views_planned': 29, 'partial': False, 'prev_window_revisits': 6}
[2026-10-08 06:05:02] [steamforum] 게시글 11 · 댓글 27 → 긍정 7.9% / 부정 60.5% {'topics_active': 25}
[2026-10-08 06:05:02] [review] 검토_2026-10-08_0600.xlsx (30건, 05:00~06:00 표본)
[2026-10-08 06:15:01] [steam] SteamDB 64.1% / Steam 64.9% (10,511+ / 5,684-) Mixed
[2026-10-08 06:30:01] [steam] SteamDB 64.1% / Steam 64.9% (10,511+ / 5,684-) Mixed
[2026-10-08 06:31:01] [community] 창 10-08 06:00 ~ 06:30 수집 시작
[2026-10-08 06:34:23] [ai] 278/278건 AI 분류 (20초, 조합 h_only)
[2026-10-08 06:34:23] [reddit] 게시글 6 · 댓글 155 → 긍정 5.6% / 부정 36.6% {'comment_pages': 2}
[2026-10-08 06:34:23] [dc] 게시글 13 · 댓글 55 → 긍정 4.4% / 부정 5.9% {'list': 'pc', 'views_fetched': 18, 'views_planned': 18, 'partial': False, 'prev_window_revisits': 5}
[2026-10-08 06:34:23] [steamforum] 게시글 4 · 댓글 45 → 긍정 6.1% / 부정 57.1% {'topics_active': 21}
[2026-10-08 06:45:01] [steam] SteamDB 64.1% / Steam 64.9% (10,511+ / 5,684-) Mixed
[2026-10-08 07:00:01] [steam] SteamDB 64.1% / Steam 64.9% (10,511+ / 5,684-) Mixed
[2026-10-08 07:01:01] [community] 창 10-08 06:30 ~ 07:00 수집 시작
[2026-10-08 07:04:30] [ai] 274/274건 AI 분류 (26초, 조합 h_only)
[2026-10-08 07:04:30] [reddit] 게시글 7 · 댓글 153 → 긍정 5.6% / 부정 28.1% {'comment_pages': 2}
[2026-10-08 07:04:30] [dc] 게시글 16 · 댓글 47 → 긍정 6.3% / 부정 11.1% {'list': 'pc', 'views_fetched': 23, 'views_planned': 23, 'partial': False, 'prev_window_revisits': 7}
[2026-10-08 07:04:30] [steamforum] 게시글 11 · 댓글 40 → 긍정 5.9% / 부정 52.9% {'topics_active': 20}
[2026-10-08 07:04:31] [review] 검토_2026-10-08_0700.xlsx (30건, 06:00~07:00 표본)
[2026-10-08 07:15:01] [steam] SteamDB 64.0% / Steam 64.8% (10,590+ / 5,752-) Mixed
[2026-10-08 07:30:01] [steam] SteamDB 64.0% / Steam 64.8% (10,590+ / 5,752-) Mixed
[2026-10-08 07:31:01] [community] 창 10-08 07:00 ~ 07:30 수집 시작
[2026-10-08 07:34:22] [ai] 289/289건 AI 분류 (19초, 조합 h_only)
[2026-10-08 07:34:22] [reddit] 게시글 9 · 댓글 178 → 긍정 6.4% / 부정 35.8% {'comment_pages': 2}
[2026-10-08 07:34:22] [dc] 게시글 16 · 댓글 51 → 긍정 9.0% / 부정 13.4% {'list': 'pc', 'views_fetched': 25, 'views_planned': 25, 'partial': False, 'prev_window_revisits': 9}
[2026-10-08 07:34:22] [steamforum] 게시글 3 · 댓글 32 → 긍정 5.7% / 부정 54.3% {'topics_active': 19}
[2026-10-08 07:45:01] [steam] SteamDB 64.0% / Steam 64.8% (10,590+ / 5,752-) Mixed
[2026-10-08 08:00:01] [steam] SteamDB 64.0% / Steam 64.8% (10,590+ / 5,752-) Mixed
[2026-10-08 08:01:01] [community] 창 10-08 07:30 ~ 08:00 수집 시작
[2026-10-08 08:05:26] [ai] 347/347건 AI 분류 (23초, 조합 h_only)
[2026-10-08 08:05:26] [reddit] 게시글 9 · 댓글 195 → 긍정 7.8% / 부정 42.2% {'comment_pages': 3}
[2026-10-08 08:05:26] [dc] 게시글 24 · 댓글 79 → 긍정 3.9% / 부정 6.8% {'list': 'pc', 'views_fetched': 32, 'views_planned': 32, 'partial': False, 'prev_window_revisits': 8}
[2026-10-08 08:05:26] [steamforum] 게시글 8 · 댓글 32 → 긍정 5.0% / 부정 50.0% {'topics_active': 21}
[2026-10-08 08:05:27] [review] 검토_2026-10-08_0800.xlsx (30건, 07:00~08:00 표본)
[2026-10-08 08:30:18] [steam] 실패: HTTPSConnectionPool(host='store.steampowered.com', port=443): Max retries exceeded with url: /appreviews/3393110?json=1&language=all&purchase_type=all&num_per_page=0&filter=all (Caused by SSLError(SSLCertVerificationError(1, '[SSL: CERTIFICATE_VERIFY_FAILED] certificate verify failed: self-signed certificate in certificate chain (_ssl.c:1081)')))
[2026-10-08 08:31:02] [community] 창 10-08 08:00 ~ 08:30 수집 시작
[2026-10-08 08:31:02] [steamforum] HTTPSConnectionPool(host='steamcommunity.com', port=443): Max retries exceeded with url: /app/3393110/discussions/1/ (Caused by SSLError(SSLCertVerificationError(1, '[SSL: CERTIFICATE_VERIFY_FAILED] certificate verify failed: self-signed certificate in certificate chain (_ssl.c:1081)'))) (재시도 1)
[2026-10-08 08:31:03] [reddit] 실패: HTTPSConnectionPool(host='www.reddit.com', port=443): Max retries exceeded with url: /r/Aion2/new/.rss?limit=100 (Caused by SSLError(SSLCertVerificationError(1, '[SSL: CERTIFICATE_VERIFY_FAILED] certificate verify failed: self-signed certificate in certificate chain (_ssl.c:1081)')))
Traceback (most recent call last):
  File "C:\Users\Gwang\AppData\Local\Programs\Python\Python314\Lib\site-packages\urllib3\connectionpool.py", line 464, in _make_request
    self._validate_conn(conn)
    ~~~~~~~~~~~~~~~~~~~^^^^^^
  File "C:\Users\Gwang\AppData\Local\Programs\Python\Python314\Lib\site-packages\urllib3\connectionpool.py", line 1106, in _validate_conn
    conn.connect()
    ~~~~~~~~~~~~^^
  File "C:\Users\Gwang\AppData\Local\Programs\Python\Python314\Lib\site-packages\urllib3\connection.py", line 796, in connect
    sock_and_verified = _ssl_wrap_socket_and_match_hostname(
        sock=sock,
    ...<14 lines>...
        assert_fingerprint=self.assert_fingerprint,
    )
  File "C:\Users\Gwang\AppData\Local\Programs\Python\Python314\Lib\site-packages\urllib3\connection.py", line 975, in _ssl_wrap_socket_and_match_hostname
    ssl_sock = ssl_wrap_socket(
        sock=sock,
    ...<8 lines>...
        tls_in_tls=tls_in_tls,
    )
  File "C:\Users\Gwang\AppData\Local\Programs\Python\Python314\Lib\site-packages\urllib3\util\ssl_.py", line 433, in ssl_wrap_socket
    ssl_sock = _ssl_wrap_socket_impl(sock, context, tls_in_tls, server_hostname)
  File "C:\Users\Gwang\AppData\Local\Programs\Python\Python314\Lib\site-packages\urllib3\util\ssl_.py", line 477, in _ssl_wrap_socket_impl
    return ssl_context.wrap_socket(sock, server_hostname=server_hostname)
           ~~~~~~~~~~~~~~~~~~~~~~~^^^^^^^^^^^^^^^^^^^^^^^^^^^^^^^^^^^^^^^
  File "C:\Users\Gwang\AppData\Local\Programs\Python\Python314\Lib\ssl.py", line 455, in wrap_socket
    return self.sslsocket_class._create(
           ~~~~~~~~~~~~~~~~~~~~~~~~~~~~^
        sock=sock,
        ^^^^^^^^^^
    ...<5 lines>...
        session=session
        ^^^^^^^^^^^^^^^
    )
    ^
  File "C:\Users\Gwang\AppData\Local\Programs\Python\Python314\Lib\ssl.py", line 1076, in _create
    self.do_handshake()
    ~~~~~~~~~~~~~~~~~^^
  File "C:\Users\Gwang\AppData\Local\Programs\Python\Python314\Lib\ssl.py", line 1372, in do_handshake
    self._sslobj.do_handshake()
    ~~~~~~~~~~~~~~~~~~~~~~~~~^^
ssl.SSLCertVerificationError: [SSL: CERTIFICATE_VERIFY_FAILED] certificate verify failed: self-signed certificate in certificate chain (_ssl.c:1081)

During handling of the above exception, another exception occurred:

Traceback (most recent call last):
  File "C:\Users\Gwang\AppData\Local\Programs\Python\Python314\Lib\site-packages\urllib3\connectionpool.py", line 788, in urlopen
    response = self._make_request(
        conn,
    ...<10 lines>...
        **response_kw,
    )
  File "C:\Users\Gwang\AppData\Local\Programs\Python\Python314\Lib\site-packages\urllib3\connectionpool.py", line 488, in _make_request
    raise new_e
urllib3.exceptions.SSLError: [SSL: CERTIFICATE_VERIFY_FAILED] certificate verify failed: self-signed certificate in certificate chain (_ssl.c:1081)

The above exception was the direct cause of the following exception:

Traceback (most recent call last):
  File "C:\Users\Gwang\AppData\Local\Programs\Python\Python314\Lib\site-packages\requests\adapters.py", line 696, in send
    resp = conn.urlopen(
        method=request.method,
    ...<9 lines>...
        chunked=chunked,
    )
  File "C:\Users\Gwang\AppData\Local\Programs\Python\Python314\Lib\site-packages\urllib3\connectionpool.py", line 842, in urlopen
    retries = retries.increment(
        method, url, error=new_e, _pool=self, _stacktrace=sys.exc_info()[2]
    )
  File "C:\Users\Gwang\AppData\Local\Programs\Python\Python314\Lib\site-packages\urllib3\util\retry.py", line 543, in increment
    raise MaxRetryError(_pool, url, reason) from reason  # type: ignore[arg-type]
    ^^^^^^^^^^^^^^^^^^^^^^^^^^^^^^^^^^^^^^^^^^^^^^^^^^^
urllib3.exceptions.MaxRetryError: HTTPSConnectionPool(host='www.reddit.com', port=443): Max retries exceeded with url: /r/Aion2/new/.rss?limit=100 (Caused by SSLError(SSLCertVerificationError(1, '[SSL: CERTIFICATE_VERIFY_FAILED] certificate verify failed: self-signed certificate in certificate chain (_ssl.c:1081)')))

During handling of the above exception, another exception occurred:

Traceback (most recent call last):
  File "C:\Users\Gwang\OneDrive\바탕 화면\클로드작업\게임트래커\tracker.py", line 1053, in worker
    results[name] = fn(ws, we)
                    ~~^^^^^^^^
  File "C:\Users\Gwang\OneDrive\바탕 화면\클로드작업\게임트래커\tracker.py", line 201, in collect_reddit
    posts_xml = rr.get(f'/r/{SUB}/new/.rss?limit=100')
  File "C:\Users\Gwang\OneDrive\바탕 화면\클로드작업\게임트래커\tracker.py", line 160, in get
    r = self.s.get(url, timeout=30)
  File "C:\Users\Gwang\AppData\Local\Programs\Python\Python314\Lib\site-packages\requests\sessions.py", line 671, in get
    return self.request("GET", url, params=params, **kwargs)
           ~~~~~~~~~~~~^^^^^^^^^^^^^^^^^^^^^^^^^^^^^^^^^^^^^
  File "C:\Users\Gwang\AppData\Local\Programs\Python\Python314\Lib\site-packages\requests\sessions.py", line 651, in request
    resp = self.send(prep, **send_kwargs)
  File "C:\Users\Gwang\AppData\Local\Programs\Python\Python314\Lib\site-packages\requests\sessions.py", line 784, in send
    r = adapter.send(request, **kwargs)
  File "C:\Users\Gwang\AppData\Local\Programs\Python\Python314\Lib\site-packages\requests\adapters.py", line 727, in send
    raise SSLError(e, request=request)
requests.exceptions.SSLError: HTTPSConnectionPool(host='www.reddit.com', port=443): Max retries exceeded with url: /r/Aion2/new/.rss?limit=100 (Caused by SSLError(SSLCertVerificationError(1, '[SSL: CERTIFICATE_VERIFY_FAILED] certificate verify failed: self-signed certificate in certificate chain (_ssl.c:1081)')))

[2026-10-08 08:31:13] [steamforum] HTTPSConnectionPool(host='steamcommunity.com', port=443): Max retries exceeded with url: /app/3393110/discussions/1/ (Caused by SSLError(SSLCertVerificationError(1, '[SSL: CERTIFICATE_VERIFY_FAILED] certificate verify failed: self-signed certificate in certificate chain (_ssl.c:1081)'))) (재시도 2)
[2026-10-08 08:31:34] [steamforum] HTTPSConnectionPool(host='steamcommunity.com', port=443): Max retries exceeded with url: /app/3393110/discussions/1/ (Caused by SSLError(SSLCertVerificationError(1, '[SSL: CERTIFICATE_VERIFY_FAILED] certificate verify failed: self-signed certificate in certificate chain (_ssl.c:1081)'))) (재시도 3)
[2026-10-08 08:32:03] [dc] PC 목록 응답 없음 → 모바일 목록으로 대체
[2026-10-08 08:32:04] [steamforum] 실패: Steam 일반 토론 목록을 받지 못함
Traceback (most recent call last):
  File "C:\Users\Gwang\OneDrive\바탕 화면\클로드작업\게임트래커\tracker.py", line 1053, in worker
    results[name] = fn(ws, we)
                    ~~^^^^^^^^
  File "C:\Users\Gwang\OneDrive\바탕 화면\클로드작업\게임트래커\tracker.py", line 527, in collect_steamforum
    raise RuntimeError('Steam 일반 토론 목록을 받지 못함')
RuntimeError: Steam 일반 토론 목록을 받지 못함

[2026-10-08 08:33:03] [dc] 실패: DC 목록을 받지 못함(일시 차단 가능성)
Traceback (most recent call last):
  File "C:\Users\Gwang\OneDrive\바탕 화면\클로드작업\게임트래커\tracker.py", line 1053, in worker
    results[name] = fn(ws, we)
                    ~~^^^^^^^^
  File "C:\Users\Gwang\OneDrive\바탕 화면\클로드작업\게임트래커\tracker.py", line 408, in collect_dc
    raise RuntimeError('DC 목록을 받지 못함(일시 차단 가능성)')
RuntimeError: DC 목록을 받지 못함(일시 차단 가능성)

[2026-10-08 08:33:03] [ai] 0/0건 AI 분류 (1초, 조합 h_only)
[2026-10-08 08:45:02] [steam] SteamDB 63.94% / Steam 64.74% (10,651+ / 5,802-) Mixed
[2026-10-08 08:50:58] [community] 창 10-08 08:00 ~ 08:30 수집 시작
[2026-10-08 08:50:58] [community] 라벨 변경 감지(419건) → 과거 수집분 전체 재계산
[2026-10-08 08:51:02] [rescore] 라벨 419건 · 모델 lexicon (CV 66.8%) → 33,826개 항목 · 67개 창 재계산 (3.6초)
[2026-10-08 08:56:24] [ai] 396/396건 AI 분류 (21초, 조합 h_only)
[2026-10-08 08:56:24] [reddit] 게시글 10 · 댓글 194 → 긍정 11.8% / 부정 38.7% {'comment_pages': 4}
[2026-10-08 08:56:24] [dc] 게시글 29 · 댓글 113 → 긍정 5.6% / 부정 6.3% {'list': 'pc', 'views_fetched': 40, 'views_planned': 40, 'partial': False, 'prev_window_revisits': 11}
[2026-10-08 08:56:24] [steamforum] 게시글 6 · 댓글 44 → 긍정 4.0% / 부정 48.0% {'topics_active': 35}
[2026-10-08 09:00:01] [steam] SteamDB 63.94% / Steam 64.74% (10,651+ / 5,802-) Mixed
[2026-10-08 09:01:02] [community] 창 10-08 08:30 ~ 09:00 수집 시작
[2026-10-08 09:05:33] [ai] 482/482건 AI 분류 (29초, 조합 h_only)
[2026-10-08 09:05:33] [reddit] 게시글 6 · 댓글 202 → 긍정 12.0% / 부정 28.8% {'comment_pages': 3}
[2026-10-08 09:05:33] [dc] 게시글 50 · 댓글 164 → 긍정 6.5% / 부정 6.5% {'list': 'pc', 'views_fetched': 55, 'views_planned': 55, 'partial': False, 'prev_window_revisits': 5}
[2026-10-08 09:05:33] [steamforum] 게시글 7 · 댓글 53 → 긍정 6.7% / 부정 43.3% {'topics_active': 26}
[2026-10-08 09:15:02] [steam] SteamDB 63.89% / Steam 64.68% (10,711+ / 5,850-) Mixed
[2026-10-08 09:23:44] [steam] SteamDB 63.89% / Steam 64.68% (10,711+ / 5,850-) Mixed
[2026-10-08 09:34:59] [steam] SteamDB 63.89% / Steam 64.68% (10,711+ / 5,850-) Mixed
[2026-10-08 09:34:59] [community] 창 10-08 09:00 ~ 09:30 수집 시작
[2026-10-08 09:40:21] [ai] 0/626건 AI 분류 (75초, 조합 h_only) · 오류 RuntimeError: 구독 경로 실패, API 키 없음
[2026-10-08 09:40:21] [reddit] 게시글 8 · 댓글 152 → 긍정 8.8% / 부정 47.5% {'comment_pages': 2}
[2026-10-08 09:40:21] [dc] 게시글 79 · 댓글 350 → 긍정 5.1% / 부정 9.6% {'list': 'pc', 'views_fetched': 94, 'views_planned': 94, 'partial': False, 'prev_window_revisits': 15}
[2026-10-08 09:40:21] [steamforum] 게시글 7 · 댓글 30 → 긍정 5.4% / 부정 56.8% {'topics_active': 27}
[2026-10-08 10:01:46] [steam] SteamDB 63.89% / Steam 64.68% (10,711+ / 5,850-) Mixed
[2026-10-08 10:01:46] [community] 창 10-08 09:30 ~ 10:00 수집 시작
[2026-10-08 10:04:34] [ai] 544/544건 AI 분류 (31초, 조합 h_only)
[2026-10-08 10:04:34] [reddit] 게시글 4 · 댓글 128 → 긍정 9.8% / 부정 40.9% {'comment_pages': 2}
[2026-10-08 10:04:34] [dc] 게시글 62 · 댓글 320 → 긍정 3.1% / 부정 8.4% {'list': 'pc', 'views_fetched': 76, 'views_planned': 76, 'partial': False, 'prev_window_revisits': 14}
[2026-10-08 10:04:34] [steamforum] 게시글 2 · 댓글 28 → 긍정 0.0% / 부정 40.0% {'topics_active': 21}
[2026-10-08 10:40:04] [steam] SteamDB 63.88% / Steam 64.66% (10,756+ / 5,878-) Mixed
[2026-10-08 10:40:04] [community] 창 10-08 10:00 ~ 10:30 수집 시작
[2026-10-08 10:43:25] [ai] 439/439건 AI 분류 (22초, 조합 h_only)
[2026-10-08 10:43:25] [reddit] 게시글 6 · 댓글 145 → 긍정 5.3% / 부정 39.1% {'comment_pages': 2}
[2026-10-08 10:43:25] [dc] 게시글 40 · 댓글 219 → 긍정 4.2% / 부정 7.3% {'list': 'pc', 'views_fetched': 60, 'views_planned': 60, 'partial': False, 'prev_window_revisits': 20}
[2026-10-08 10:43:25] [steamforum] 게시글 2 · 댓글 27 → 긍정 6.9% / 부정 37.9% {'topics_active': 18}
[2026-10-08 11:01:00] [steam] SteamDB 63.88% / Steam 64.66% (10,756+ / 5,878-) Mixed
[2026-10-08 11:01:00] [community] 창 10-08 10:30 ~ 11:00 수집 시작
[2026-10-08 11:04:26] [ai] 353/353건 AI 분류 (23초, 조합 h_only)
[2026-10-08 11:04:26] [reddit] 게시글 3 · 댓글 118 → 긍정 10.7% / 부정 32.2% {'comment_pages': 2}
[2026-10-08 11:04:26] [dc] 게시글 53 · 댓글 151 → 긍정 2.0% / 부정 6.4% {'list': 'pc', 'views_fetched': 59, 'views_planned': 59, 'partial': False, 'prev_window_revisits': 6}
[2026-10-08 11:04:26] [steamforum] 게시글 4 · 댓글 24 → 긍정 3.6% / 부정 57.1% {'topics_active': 12}
[2026-10-08 11:24:26] [neg-topics] 채우기 실패: 데이터 잠금 대기 시간 초과
[2026-10-08 11:24:31] [neg-topics] 과거 72개 창의 부정 반응 주제 분포를 채움
[2026-10-08 11:25:01] [steam] SteamDB 63.81% / Steam 64.59% (10,808+ / 5,926-) Mixed
[2026-10-08 11:37:01] [steam] SteamDB 63.81% / Steam 64.59% (10,808+ / 5,926-) Mixed
[2026-10-08 11:37:01] [community] 창 10-08 11:00 ~ 11:30 수집 시작
[2026-10-08 11:40:24] [ai] 432/432건 AI 분류 (22초, 조합 h_only)
[2026-10-08 11:40:24] [reddit] 게시글 4 · 댓글 98 → 긍정 16.7% / 부정 44.1% {'comment_pages': 2}
[2026-10-08 11:40:24] [dc] 게시글 52 · 댓글 255 → 긍정 2.9% / 부정 9.8% {'list': 'pc', 'views_fetched': 76, 'views_planned': 76, 'partial': False, 'prev_window_revisits': 24}
[2026-10-08 11:40:24] [steamforum] 게시글 9 · 댓글 14 → 긍정 4.3% / 부정 30.4% {'topics_active': 20}
[2026-10-08 11:40:55] [steam] SteamDB 63.81% / Steam 64.59% (10,808+ / 5,926-) Mixed
[2026-10-08 11:52:31] [steam] SteamDB 63.81% / Steam 64.59% (10,808+ / 5,926-) Mixed
[2026-10-08 12:52:38] [steam] SteamDB 63.74% / Steam 64.52% (10,850+ / 5,967-) Mixed
[2026-10-08 12:52:38] [community] 창 10-08 11:30 ~ 12:00 수집 시작
[2026-10-08 12:56:21] [ai] 393/393건 AI 분류 (19초, 조합 h_only)
[2026-10-08 12:56:21] [reddit] 게시글 9 · 댓글 118 → 긍정 4.7% / 부정 32.3% {'comment_pages': 3}
[2026-10-08 12:56:21] [dc] 게시글 41 · 댓글 196 → 긍정 4.6% / 부정 12.7% {'list': 'pc', 'views_fetched': 61, 'views_planned': 61, 'partial': False, 'prev_window_revisits': 20}
[2026-10-08 12:56:21] [steamforum] 게시글 2 · 댓글 27 → 긍정 3.4% / 부정 34.5% {'topics_active': 32}
[2026-10-08 12:56:21] [community] 창 10-08 12:00 ~ 12:30 수집 시작
[2026-10-08 12:56:22] [reddit] 429 /r/Aion2/new/.rss?limit=100 (재시도 1)
[2026-10-08 13:00:21] [ai] 306/306건 AI 분류 (18초, 조합 h_only)
[2026-10-08 13:00:21] [reddit] 게시글 5 · 댓글 81 → 긍정 1.2% / 부정 34.9% {'comment_pages': 2}
[2026-10-08 13:00:21] [dc] 게시글 47 · 댓글 144 → 긍정 6.8% / 부정 12.0% {'list': 'pc', 'views_fetched': 48, 'views_planned': 48, 'partial': False, 'prev_window_revisits': 1}
[2026-10-08 13:00:21] [steamforum] 게시글 5 · 댓글 24 → 긍정 3.4% / 부정 20.7% {'topics_active': 19}
[2026-10-08 13:07:31] [steam] SteamDB 63.7% / Steam 64.48% (10,887+ / 5,998-) Mixed
[2026-10-08 13:07:31] [community] 창 10-08 12:30 ~ 13:00 수집 시작
[2026-10-08 13:10:21] [ai] 332/332건 AI 분류 (19초, 조합 h_only)
[2026-10-08 13:10:22] [reddit] 게시글 7 · 댓글 99 → 긍정 6.6% / 부정 34.9% {'comment_pages': 2}
[2026-10-08 13:10:22] [dc] 게시글 48 · 댓글 155 → 긍정 5.9% / 부정 13.8% {'list': 'pc', 'views_fetched': 48, 'views_planned': 48, 'partial': False, 'prev_window_revisits': 0}
[2026-10-08 13:10:22] [steamforum] 게시글 4 · 댓글 19 → 긍정 0.0% / 부정 21.7% {'topics_active': 12}
[2026-10-08 13:10:57] [steam] SteamDB 63.7% / Steam 64.48% (10,887+ / 5,998-) Mixed
[2026-10-08 13:22:20] [steam] SteamDB 63.7% / Steam 64.48% (10,887+ / 5,998-) Mixed
[2026-10-08 13:22:49] [steam] SteamDB 63.7% / Steam 64.48% (10,887+ / 5,998-) Mixed
[2026-10-08 13:37:23] [steam] SteamDB 63.7% / Steam 64.48% (10,887+ / 5,998-) Mixed
[2026-10-08 13:37:23] [community] 창 10-08 13:00 ~ 13:30 수집 시작
[2026-10-08 13:40:25] [ai] 430/430건 AI 분류 (23초, 조합 h_only)
[2026-10-08 13:40:25] [reddit] 게시글 5 · 댓글 105 → 긍정 7.3% / 부정 39.1% {'comment_pages': 2}
[2026-10-08 13:40:25] [dc] 게시글 44 · 댓글 256 → 긍정 4.0% / 부정 8.3% {'list': 'pc', 'views_fetched': 56, 'views_planned': 56, 'partial': False, 'prev_window_revisits': 12}
[2026-10-08 13:40:25] [steamforum] 게시글 5 · 댓글 15 → 긍정 10.0% / 부정 45.0% {'topics_active': 15}
[2026-10-08 13:40:56] [steam] SteamDB 63.7% / Steam 64.48% (10,887+ / 5,998-) Mixed
[2026-10-08 13:52:27] [steam] SteamDB 63.7% / Steam 64.48% (10,887+ / 5,998-) Mixed
[2026-10-08 13:52:56] [steam] SteamDB 63.7% / Steam 64.48% (10,887+ / 5,998-) Mixed
[2026-10-08 14:07:29] [steam] SteamDB 63.67% / Steam 64.44% (10,933+ / 6,034-) Mixed
[2026-10-08 14:07:29] [community] 창 10-08 13:30 ~ 14:00 수집 시작
[2026-10-08 14:11:28] [ai] 572/572건 AI 분류 (25초, 조합 h_only)
[2026-10-08 14:11:28] [reddit] 게시글 11 · 댓글 185 → 긍정 9.2% / 부정 44.9% {'comment_pages': 3}
[2026-10-08 14:11:28] [dc] 게시글 74 · 댓글 280 → 긍정 7.6% / 부정 12.1% {'list': 'pc', 'views_fetched': 82, 'views_planned': 82, 'partial': False, 'prev_window_revisits': 8}
[2026-10-08 14:11:28] [steamforum] 게시글 2 · 댓글 20 → 긍정 4.5% / 부정 59.1% {'topics_active': 19}
[2026-10-08 14:11:58] [steam] SteamDB 63.67% / Steam 64.44% (10,933+ / 6,034-) Mixed
[2026-10-08 14:22:24] [steam] SteamDB 63.67% / Steam 64.44% (10,933+ / 6,034-) Mixed
[2026-10-08 14:22:55] [steam] SteamDB 63.67% / Steam 64.44% (10,933+ / 6,034-) Mixed
[2026-10-08 14:37:25] [steam] SteamDB 63.67% / Steam 64.44% (10,933+ / 6,034-) Mixed
[2026-10-08 14:37:25] [community] 창 10-08 14:00 ~ 14:30 수집 시작
[2026-10-08 14:40:28] [ai] 468/468건 AI 분류 (25초, 조합 h_only)
[2026-10-08 14:40:28] [reddit] 게시글 4 · 댓글 130 → 긍정 6.7% / 부정 50.0% {'comment_pages': 2}
[2026-10-08 14:40:28] [dc] 게시글 61 · 댓글 243 → 긍정 4.6% / 부정 9.5% {'list': 'pc', 'views_fetched': 66, 'views_planned': 66, 'partial': False, 'prev_window_revisits': 5}
[2026-10-08 14:40:28] [steamforum] 게시글 5 · 댓글 25 → 긍정 0.0% / 부정 33.3% {'topics_active': 15}
[2026-10-08 14:41:01] [steam] SteamDB 63.67% / Steam 64.44% (10,933+ / 6,034-) Mixed
[2026-10-08 14:52:24] [steam] SteamDB 63.67% / Steam 64.44% (10,933+ / 6,034-) Mixed
[2026-10-08 14:53:00] [steam] SteamDB 63.67% / Steam 64.44% (10,933+ / 6,034-) Mixed
[2026-10-08 15:07:25] [steam] SteamDB 63.59% / Steam 64.36% (10,962+ / 6,071-) Mixed
[2026-10-08 15:07:25] [community] 창 10-08 14:30 ~ 15:00 수집 시작
[2026-10-08 15:10:30] [ai] 518/518건 AI 분류 (28초, 조합 h_only)
[2026-10-08 15:10:30] [reddit] 게시글 3 · 댓글 128 → 긍정 12.2% / 부정 36.6% {'comment_pages': 2}
[2026-10-08 15:10:30] [dc] 게시글 68 · 댓글 278 → 긍정 6.6% / 부정 14.2% {'list': 'pc', 'views_fetched': 87, 'views_planned': 87, 'partial': False, 'prev_window_revisits': 19}
[2026-10-08 15:10:30] [steamforum] 게시글 2 · 댓글 39 → 긍정 2.4% / 부정 48.8% {'topics_active': 16}
[2026-10-08 15:11:05] [steam] SteamDB 63.59% / Steam 64.36% (10,962+ / 6,071-) Mixed
[2026-10-08 15:22:26] [steam] SteamDB 63.59% / Steam 64.36% (10,962+ / 6,071-) Mixed
[2026-10-08 15:23:06] [steam] SteamDB 63.59% / Steam 64.36% (10,962+ / 6,071-) Mixed
[2026-10-08 15:37:35] [steam] SteamDB 63.59% / Steam 64.36% (10,962+ / 6,071-) Mixed
[2026-10-08 15:37:35] [community] 창 10-08 15:00 ~ 15:30 수집 시작
[2026-10-08 15:40:32] [ai] 595/595건 AI 분류 (30초, 조합 h_only)
[2026-10-08 15:40:32] [reddit] 게시글 6 · 댓글 116 → 긍정 6.6% / 부정 36.1% {'comment_pages': 2}
[2026-10-08 15:40:32] [dc] 게시글 68 · 댓글 380 → 긍정 4.2% / 부정 12.3% {'list': 'pc', 'views_fetched': 80, 'views_planned': 80, 'partial': False, 'prev_window_revisits': 12}
[2026-10-08 15:40:32] [steamforum] 게시글 3 · 댓글 22 → 긍정 4.0% / 부정 44.0% {'topics_active': 20}
[2026-10-08 15:41:07] [steam] SteamDB 63.59% / Steam 64.36% (10,962+ / 6,071-) Mixed
[2026-10-08 15:52:25] [steam] SteamDB 63.59% / Steam 64.36% (10,962+ / 6,071-) Mixed
[2026-10-08 15:52:58] [steam] SteamDB 63.59% / Steam 64.36% (10,962+ / 6,071-) Mixed
[2026-10-08 16:08:01] [steam] SteamDB 63.54% / Steam 64.3% (10,996+ / 6,105-) Mixed
[2026-10-08 16:08:01] [community] 창 10-08 15:30 ~ 16:00 수집 시작
[2026-10-08 16:11:55] [dc] 연속 빈 응답 — 글 53/72 방문에서 중단(부분 결과)
[2026-10-08 16:12:25] [ai] 476/476건 AI 분류 (29초, 조합 h_only)
[2026-10-08 16:12:25] [reddit] 게시글 3 · 댓글 101 → 긍정 7.7% / 부정 34.6% {'comment_pages': 2}
[2026-10-08 16:12:25] [dc] 게시글 62 · 댓글 279 → 긍정 8.2% / 부정 9.4% {'list': 'pc', 'views_fetched': 53, 'views_planned': 72, 'partial': True, 'prev_window_revisits': 10}
[2026-10-08 16:12:25] [steamforum] 게시글 3 · 댓글 28 → 긍정 6.5% / 부정 61.3% {'topics_active': 15}
[2026-10-08 16:13:03] [steam] SteamDB 63.54% / Steam 64.3% (10,996+ / 6,105-) Mixed
[2026-10-08 16:23:02] [steam] SteamDB 63.54% / Steam 64.3% (10,996+ / 6,105-) Mixed
[2026-10-08 16:23:38] [steam] SteamDB 63.54% / Steam 64.3% (10,996+ / 6,105-) Mixed
[2026-10-08 16:37:26] [steam] SteamDB 63.54% / Steam 64.3% (10,996+ / 6,105-) Mixed
[2026-10-08 16:37:26] [community] 창 10-08 16:00 ~ 16:30 수집 시작
[2026-10-08 16:40:38] [ai] 510/510건 AI 분류 (36초, 조합 h_only)
[2026-10-08 16:40:38] [reddit] 게시글 9 · 댓글 143 → 긍정 6.6% / 부정 49.3% {'comment_pages': 2}
[2026-10-08 16:40:38] [dc] 게시글 71 · 댓글 260 → 긍정 4.8% / 부정 6.9% {'list': 'pc', 'views_fetched': 83, 'views_planned': 83, 'partial': False, 'prev_window_revisits': 12}
[2026-10-08 16:40:38] [steamforum] 게시글 4 · 댓글 23 → 긍정 0.0% / 부정 66.7% {'topics_active': 14}
[2026-10-08 16:41:10] [steam] SteamDB 63.54% / Steam 64.3% (10,996+ / 6,105-) Mixed
[2026-10-08 16:52:23] [steam] SteamDB 63.54% / Steam 64.3% (10,996+ / 6,105-) Mixed
[2026-10-08 16:52:57] [steam] SteamDB 63.54% / Steam 64.3% (10,996+ / 6,105-) Mixed
[2026-10-08 17:02:32] [steam] SteamDB 63.54% / Steam 64.3% (10,996+ / 6,105-) Mixed
[2026-10-08 17:02:32] [community] 창 10-08 16:30 ~ 17:00 수집 시작
[2026-10-08 17:05:36] [ai] 460/460건 AI 분류 (24초, 조합 h_only)
[2026-10-08 17:05:36] [reddit] 게시글 6 · 댓글 125 → 긍정 2.3% / 부정 43.5% {'comment_pages': 2}
[2026-10-08 17:05:37] [dc] 게시글 54 · 댓글 250 → 긍정 5.3% / 부정 12.8% {'list': 'pc', 'views_fetched': 69, 'views_planned': 69, 'partial': False, 'prev_window_revisits': 15}
[2026-10-08 17:05:37] [steamforum] 게시글 2 · 댓글 23 → 긍정 4.0% / 부정 44.0% {'topics_active': 18}
[2026-10-08 17:07:34] [steam] SteamDB 63.48% / Steam 64.23% (11,028+ / 6,141-) Mixed
[2026-10-08 17:08:06] [steam] SteamDB 63.48% / Steam 64.23% (11,028+ / 6,141-) Mixed
[2026-10-08 17:22:30] [steam] SteamDB 63.48% / Steam 64.23% (11,028+ / 6,141-) Mixed
[2026-10-08 17:23:02] [steam] SteamDB 63.48% / Steam 64.23% (11,028+ / 6,141-) Mixed
[2026-10-08 17:37:23] [steam] SteamDB 63.48% / Steam 64.23% (11,028+ / 6,141-) Mixed
[2026-10-08 17:37:23] [community] 창 10-08 17:00 ~ 17:30 수집 시작
[2026-10-08 17:41:36] [ai] 510/510건 AI 분류 (34초, 조합 h_only)
[2026-10-08 17:41:36] [reddit] 게시글 7 · 댓글 190 → 긍정 6.6% / 부정 36.0% {'comment_pages': 3}
[2026-10-08 17:41:36] [dc] 게시글 63 · 댓글 228 → 긍정 5.2% / 부정 8.6% {'list': 'pc', 'views_fetched': 77, 'views_planned': 77, 'partial': False, 'prev_window_revisits': 14}
[2026-10-08 17:41:36] [steamforum] 게시글 4 · 댓글 18 → 긍정 4.5% / 부정 50.0% {'topics_active': 15}
[2026-10-08 17:42:15] [steam] SteamDB 63.48% / Steam 64.23% (11,028+ / 6,141-) Mixed
[2026-10-08 17:52:26] [steam] SteamDB 63.48% / Steam 64.23% (11,028+ / 6,141-) Mixed
[2026-10-08 18:07:25] [steam] SteamDB 63.44% / Steam 64.19% (11,054+ / 6,166-) Mixed
[2026-10-08 18:07:25] [community] 창 10-08 17:30 ~ 18:00 수집 시작
[2026-10-08 18:11:29] [ai] 495/495건 AI 분류 (27초, 조합 h_only)
[2026-10-08 18:11:29] [reddit] 게시글 4 · 댓글 187 → 긍정 7.3% / 부정 35.1% {'comment_pages': 3}
[2026-10-08 18:11:29] [dc] 게시글 55 · 댓글 230 → 긍정 6.7% / 부정 6.7% {'list': 'pc', 'views_fetched': 68, 'views_planned': 68, 'partial': False, 'prev_window_revisits': 13}
[2026-10-08 18:11:29] [steamforum] 게시글 3 · 댓글 16 → 긍정 10.5% / 부정 36.8% {'topics_active': 14}
[2026-10-08 18:22:33] [steam] SteamDB 63.44% / Steam 64.19% (11,054+ / 6,166-) Mixed
[2026-10-08 18:37:28] [steam] SteamDB 63.44% / Steam 64.19% (11,054+ / 6,166-) Mixed
[2026-10-08 18:37:28] [community] 창 10-08 18:00 ~ 18:30 수집 시작
[2026-10-08 18:40:29] [ai] 472/472건 AI 분류 (27초, 조합 h_only)
[2026-10-08 18:40:30] [reddit] 게시글 7 · 댓글 128 → 긍정 3.0% / 부정 42.2% {'comment_pages': 2}
[2026-10-08 18:40:30] [dc] 게시글 47 · 댓글 195 → 긍정 2.9% / 부정 6.6% {'list': 'pc', 'views_fetched': 59, 'views_planned': 59, 'partial': False, 'prev_window_revisits': 12}
[2026-10-08 18:40:30] [steamforum] 게시글 5 · 댓글 90 → 긍정 1.1% / 부정 26.3% {'topics_active': 24}
[2026-10-08 18:52:30] [steam] SteamDB 63.44% / Steam 64.19% (11,054+ / 6,166-) Mixed
[2026-10-08 19:07:26] [steam] SteamDB 63.38% / Steam 64.12% (11,135+ / 6,230-) Mixed
[2026-10-08 19:07:26] [community] 창 10-08 18:30 ~ 19:00 수집 시작
[2026-10-08 19:11:31] [ai] 595/595건 AI 분류 (28초, 조합 h_only)
[2026-10-08 19:11:31] [reddit] 게시글 8 · 댓글 187 → 긍정 5.1% / 부정 44.1% {'comment_pages': 3}
[2026-10-08 19:11:31] [dc] 게시글 54 · 댓글 196 → 긍정 4.0% / 부정 5.6% {'list': 'pc', 'views_fetched': 66, 'views_planned': 66, 'partial': False, 'prev_window_revisits': 12}
[2026-10-08 19:11:31] [steamforum] 게시글 11 · 댓글 139 → 긍정 3.3% / 부정 31.3% {'topics_active': 39}
[2026-10-08 19:22:32] [steam] SteamDB 63.38% / Steam 64.12% (11,135+ / 6,230-) Mixed
[2026-10-08 19:37:27] [steam] SteamDB 63.38% / Steam 64.12% (11,135+ / 6,230-) Mixed
[2026-10-08 19:37:27] [community] 창 10-08 19:00 ~ 19:30 수집 시작
[2026-10-08 19:41:31] [ai] 520/520건 AI 분류 (28초, 조합 h_only)
[2026-10-08 19:41:31] [reddit] 게시글 8 · 댓글 166 → 긍정 6.9% / 부정 44.8% {'comment_pages': 3}
[2026-10-08 19:41:31] [dc] 게시글 60 · 댓글 215 → 긍정 5.5% / 부정 12.4% {'list': 'pc', 'views_fetched': 68, 'views_planned': 68, 'partial': False, 'prev_window_revisits': 8}
[2026-10-08 19:41:31] [steamforum] 게시글 8 · 댓글 63 → 긍정 5.6% / 부정 39.4% {'topics_active': 29}
[2026-10-08 19:52:32] [steam] SteamDB 63.38% / Steam 64.12% (11,135+ / 6,230-) Mixed
[2026-10-08 20:07:28] [steam] SteamDB 63.29% / Steam 64.04% (11,210+ / 6,296-) Mixed
[2026-10-08 20:07:28] [community] 창 10-08 19:30 ~ 20:00 수집 시작
[2026-10-08 20:11:40] [ai] 472/472건 AI 분류 (37초, 조합 h_only)
[2026-10-08 20:11:40] [reddit] 게시글 11 · 댓글 192 → 긍정 3.9% / 부정 36.0% {'comment_pages': 3}
[2026-10-08 20:11:40] [dc] 게시글 42 · 댓글 153 → 긍정 4.6% / 부정 8.7% {'list': 'pc', 'views_fetched': 58, 'views_planned': 58, 'partial': False, 'prev_window_revisits': 16}
[2026-10-08 20:11:40] [steamforum] 게시글 9 · 댓글 65 → 긍정 2.7% / 부정 36.5% {'topics_active': 33}
[2026-10-08 20:22:37] [steam] SteamDB 63.29% / Steam 64.04% (11,210+ / 6,296-) Mixed
[2026-10-08 20:37:34] [steam] SteamDB 63.29% / Steam 64.04% (11,210+ / 6,296-) Mixed
[2026-10-08 20:37:34] [community] 창 10-08 20:00 ~ 20:30 수집 시작
[2026-10-08 20:43:11] [ai] 411/411건 AI 분류 (128초, 조합 h_only)
[2026-10-08 20:43:11] [reddit] 게시글 4 · 댓글 161 → 긍정 4.8% / 부정 32.7% {'comment_pages': 3}
[2026-10-08 20:43:11] [dc] 게시글 48 · 댓글 132 → 긍정 5.0% / 부정 16.7% {'list': 'pc', 'views_fetched': 57, 'views_planned': 57, 'partial': False, 'prev_window_revisits': 9}
[2026-10-08 20:43:11] [steamforum] 게시글 6 · 댓글 60 → 긍정 3.0% / 부정 34.8% {'topics_active': 27}
[2026-10-08 20:52:25] [steam] SteamDB 63.29% / Steam 64.04% (11,210+ / 6,296-) Mixed
[2026-10-08 21:07:33] [steam] SteamDB 63.26% / Steam 64.0% (11,315+ / 6,365-) Mixed
[2026-10-08 21:07:33] [community] 창 10-08 20:30 ~ 21:00 수집 시작
[2026-10-08 21:11:31] [ai] 465/465건 AI 분류 (29초, 조합 h_only)
[2026-10-08 21:11:32] [reddit] 게시글 8 · 댓글 200 → 긍정 9.1% / 부정 40.4% {'comment_pages': 3}
[2026-10-08 21:11:32] [dc] 게시글 49 · 댓글 112 → 긍정 3.7% / 부정 14.3% {'list': 'pc', 'views_fetched': 58, 'views_planned': 58, 'partial': False, 'prev_window_revisits': 9}
[2026-10-08 21:11:32] [steamforum] 게시글 14 · 댓글 82 → 긍정 2.1% / 부정 39.6% {'topics_active': 38}
[2026-10-08 21:22:34] [steam] SteamDB 63.26% / Steam 64.0% (11,315+ / 6,365-) Mixed
[2026-10-08 21:37:31] [steam] SteamDB 63.26% / Steam 64.0% (11,315+ / 6,365-) Mixed
[2026-10-08 21:37:31] [community] 창 10-08 21:00 ~ 21:30 수집 시작
[2026-10-08 21:41:41] [ai] 468/468건 AI 분류 (39초, 조합 h_only)
[2026-10-08 21:41:41] [reddit] 게시글 8 · 댓글 171 → 긍정 7.8% / 부정 35.2% {'comment_pages': 3}
[2026-10-08 21:41:41] [dc] 게시글 69 · 댓글 122 → 긍정 6.8% / 부정 8.9% {'list': 'pc', 'views_fetched': 77, 'views_planned': 77, 'partial': False, 'prev_window_revisits': 8}
[2026-10-08 21:41:41] [steamforum] 게시글 10 · 댓글 88 → 긍정 5.1% / 부정 33.7% {'topics_active': 32}
[2026-10-08 21:52:27] [steam] SteamDB 63.26% / Steam 64.0% (11,315+ / 6,365-) Mixed
[2026-10-08 22:07:33] [steam] SteamDB 63.18% / Steam 63.91% (11,385+ / 6,429-) Mixed
[2026-10-08 22:07:33] [community] 창 10-08 21:30 ~ 22:00 수집 시작
[2026-10-08 22:12:33] [ai] 605/605건 AI 분류 (31초, 조합 h_only)
[2026-10-08 22:12:33] [reddit] 게시글 9 · 댓글 262 → 긍정 4.4% / 부정 35.8% {'comment_pages': 4}
[2026-10-08 22:12:33] [dc] 게시글 72 · 댓글 164 → 긍정 2.5% / 부정 5.9% {'list': 'pc', 'views_fetched': 81, 'views_planned': 81, 'partial': False, 'prev_window_revisits': 9}
[2026-10-08 22:12:33] [steamforum] 게시글 7 · 댓글 91 → 긍정 5.1% / 부정 53.1% {'topics_active': 28}
[2026-10-08 22:22:30] [steam] SteamDB 63.18% / Steam 63.91% (11,385+ / 6,429-) Mixed
[2026-10-08 22:37:30] [steam] SteamDB 63.18% / Steam 63.91% (11,385+ / 6,429-) Mixed
[2026-10-08 22:37:30] [community] 창 10-08 22:00 ~ 22:30 수집 시작
[2026-10-08 22:41:30] [ai] 406/406건 AI 분류 (28초, 조합 h_only)
[2026-10-08 22:41:30] [reddit] 게시글 9 · 댓글 203 → 긍정 7.5% / 부정 40.1% {'comment_pages': 3}
[2026-10-08 22:41:30] [dc] 게시글 60 · 댓글 89 → 긍정 6.7% / 부정 25.5% {'list': 'pc', 'views_fetched': 64, 'views_planned': 64, 'partial': False, 'prev_window_revisits': 4}
[2026-10-08 22:41:30] [steamforum] 게시글 10 · 댓글 35 → 긍정 6.7% / 부정 51.1% {'topics_active': 26}
[2026-10-08 22:52:41] [steam] SteamDB 63.18% / Steam 63.91% (11,385+ / 6,429-) Mixed
[2026-10-08 23:07:34] [steam] SteamDB 63.08% / Steam 63.81% (11,430+ / 6,483-) Mixed
[2026-10-08 23:07:34] [community] 창 10-08 22:30 ~ 23:00 수집 시작
[2026-10-08 23:11:29] [ai] 484/484건 AI 분류 (26초, 조합 h_only)
[2026-10-08 23:11:29] [reddit] 게시글 9 · 댓글 206 → 긍정 10.7% / 부정 39.5% {'comment_pages': 3}
[2026-10-08 23:11:29] [dc] 게시글 52 · 댓글 190 → 긍정 7.4% / 부정 10.3% {'list': 'pc', 'views_fetched': 58, 'views_planned': 58, 'partial': False, 'prev_window_revisits': 6}
[2026-10-08 23:11:29] [steamforum] 게시글 4 · 댓글 23 → 긍정 3.7% / 부정 55.6% {'topics_active': 19}
[2026-10-08 23:22:44] [steam] SteamDB 63.08% / Steam 63.81% (11,430+ / 6,483-) Mixed
[2026-10-08 23:37:30] [steam] SteamDB 63.08% / Steam 63.81% (11,430+ / 6,483-) Mixed
[2026-10-08 23:37:30] [community] 창 10-08 23:00 ~ 23:30 수집 시작
[2026-10-08 23:41:27] [ai] 381/381건 AI 분류 (25초, 조합 h_only)
[2026-10-08 23:41:28] [reddit] 게시글 10 · 댓글 175 → 긍정 5.9% / 부정 42.7% {'comment_pages': 3}
[2026-10-08 23:41:28] [dc] 게시글 40 · 댓글 121 → 긍정 9.3% / 부정 14.3% {'list': 'pc', 'views_fetched': 50, 'views_planned': 50, 'partial': False, 'prev_window_revisits': 10}
[2026-10-08 23:41:28] [steamforum] 게시글 5 · 댓글 30 → 긍정 8.6% / 부정 42.9% {'topics_active': 31}
[2026-10-08 23:52:35] [steam] SteamDB 63.08% / Steam 63.81% (11,430+ / 6,483-) Mixed
[2026-10-09 00:07:32] [steam] SteamDB 62.96% / Steam 63.68% (11,469+ / 6,542-) Mixed
[2026-10-09 00:07:32] [community] 창 10-08 23:30 ~ 00:00 수집 시작
[2026-10-09 00:11:38] [ai] 381/381건 AI 분류 (36초, 조합 h_only)
[2026-10-09 00:11:39] [reddit] 게시글 6 · 댓글 180 → 긍정 4.3% / 부정 51.6% {'comment_pages': 3}
[2026-10-09 00:11:39] [dc] 게시글 45 · 댓글 114 → 긍정 3.1% / 부정 17.0% {'list': 'pc', 'views_fetched': 52, 'views_planned': 52, 'partial': False, 'prev_window_revisits': 7}
[2026-10-09 00:11:39] [steamforum] 게시글 4 · 댓글 32 → 긍정 8.3% / 부정 47.2% {'topics_active': 21}
[2026-10-09 00:22:31] [steam] SteamDB 62.96% / Steam 63.68% (11,469+ / 6,542-) Mixed
[2026-10-09 00:32:05] [steam] SteamDB 62.96% / Steam 63.68% (11,469+ / 6,542-) Mixed
[2026-10-09 00:32:05] [community] 창 10-09 00:00 ~ 00:30 수집 시작
[2026-10-09 00:36:26] [ai] 392/392건 AI 분류 (24초, 조합 h_only)
[2026-10-09 00:36:26] [reddit] 게시글 5 · 댓글 187 → 긍정 6.8% / 부정 46.9% {'comment_pages': 3}
[2026-10-09 00:36:26] [dc] 게시글 43 · 댓글 131 → 긍정 4.6% / 부정 13.2% {'list': 'pc', 'views_fetched': 50, 'views_planned': 50, 'partial': False, 'prev_window_revisits': 7}
[2026-10-09 00:36:26] [steamforum] 게시글 5 · 댓글 21 → 긍정 0.0% / 부정 73.1% {'topics_active': 14}
[2026-10-09 00:37:35] [steam] SteamDB 62.96% / Steam 63.68% (11,469+ / 6,542-) Mixed
[2026-10-09 00:52:27] [steam] SteamDB 62.96% / Steam 63.68% (11,469+ / 6,542-) Mixed
[2026-10-09 01:07:29] [steam] SteamDB 62.87% / Steam 63.57% (11,514+ / 6,597-) Mixed
[2026-10-09 01:07:29] [community] 창 10-09 00:30 ~ 01:00 수집 시작
[2026-10-09 01:11:30] [ai] 527/527건 AI 분류 (27초, 조합 h_only)
[2026-10-09 01:11:30] [reddit] 게시글 6 · 댓글 234 → 긍정 10.0% / 부정 35.8% {'comment_pages': 3}
[2026-10-09 01:11:30] [dc] 게시글 52 · 댓글 203 → 긍정 3.1% / 부정 7.5% {'list': 'pc', 'views_fetched': 64, 'views_planned': 64, 'partial': False, 'prev_window_revisits': 12}
[2026-10-09 01:11:30] [steamforum] 게시글 5 · 댓글 27 → 긍정 0.0% / 부정 43.8% {'topics_active': 20}
[2026-10-09 01:22:30] [steam] SteamDB 62.87% / Steam 63.57% (11,514+ / 6,597-) Mixed
[2026-10-09 01:37:34] [steam] SteamDB 62.87% / Steam 63.57% (11,514+ / 6,597-) Mixed
[2026-10-09 01:37:34] [community] 창 10-09 01:00 ~ 01:30 수집 시작
[2026-10-09 01:41:25] [ai] 411/411건 AI 분류 (23초, 조합 h_only)
[2026-10-09 01:41:26] [reddit] 게시글 8 · 댓글 215 → 긍정 6.7% / 부정 42.6% {'comment_pages': 3}
[2026-10-09 01:41:26] [dc] 게시글 45 · 댓글 100 → 긍정 6.9% / 부정 8.3% {'list': 'pc', 'views_fetched': 52, 'views_planned': 52, 'partial': False, 'prev_window_revisits': 7}
[2026-10-09 01:41:26] [steamforum] 게시글 5 · 댓글 38 → 긍정 4.7% / 부정 48.8% {'topics_active': 34}
[2026-10-09 01:52:32] [steam] SteamDB 62.87% / Steam 63.57% (11,514+ / 6,597-) Mixed
[2026-10-09 02:07:31] [steam] SteamDB 62.75% / Steam 63.45% (11,553+ / 6,654-) Mixed
[2026-10-09 02:07:31] [community] 창 10-09 01:30 ~ 02:00 수집 시작
[2026-10-09 02:11:22] [ai] 393/393건 AI 분류 (20초, 조합 h_only)
[2026-10-09 02:11:23] [reddit] 게시글 7 · 댓글 200 → 긍정 8.7% / 부정 42.5% {'comment_pages': 3}
[2026-10-09 02:11:23] [dc] 게시글 35 · 댓글 99 → 긍정 3.7% / 부정 11.2% {'list': 'pc', 'views_fetched': 44, 'views_planned': 44, 'partial': False, 'prev_window_revisits': 9}
[2026-10-09 02:11:23] [steamforum] 게시글 7 · 댓글 45 → 긍정 7.7% / 부정 53.8% {'topics_active': 32}
[2026-10-09 02:22:35] [steam] SteamDB 62.75% / Steam 63.45% (11,553+ / 6,654-) Mixed
[2026-10-09 02:37:33] [steam] SteamDB 62.75% / Steam 63.45% (11,553+ / 6,654-) Mixed
[2026-10-09 02:37:33] [community] 창 10-09 02:00 ~ 02:30 수집 시작
[2026-10-09 02:41:26] [ai] 441/441건 AI 분류 (24초, 조합 h_only)
[2026-10-09 02:41:26] [reddit] 게시글 2 · 댓글 240 → 긍정 5.0% / 부정 46.7% {'comment_pages': 3}
[2026-10-09 02:41:26] [dc] 게시글 38 · 댓글 122 → 긍정 6.9% / 부정 5.6% {'list': 'pc', 'views_fetched': 43, 'views_planned': 43, 'partial': False, 'prev_window_revisits': 5}
[2026-10-09 02:41:26] [steamforum] 게시글 12 · 댓글 27 → 긍정 2.6% / 부정 56.4% {'topics_active': 32}
[2026-10-09 02:52:38] [steam] SteamDB 62.75% / Steam 63.45% (11,553+ / 6,654-) Mixed
[2026-10-09 03:07:29] [steam] SteamDB 62.63% / Steam 63.32% (11,590+ / 6,713-) Mixed
[2026-10-09 03:07:29] [community] 창 10-09 02:30 ~ 03:00 수집 시작
[2026-10-09 03:11:20] [ai] 351/351건 AI 분류 (18초, 조합 h_only)
[2026-10-09 03:11:20] [reddit] 게시글 6 · 댓글 192 → 긍정 6.6% / 부정 48.0% {'comment_pages': 3}
[2026-10-09 03:11:20] [dc] 게시글 25 · 댓글 92 → 긍정 3.4% / 부정 14.5% {'list': 'pc', 'views_fetched': 32, 'views_planned': 32, 'partial': False, 'prev_window_revisits': 7}
[2026-10-09 03:11:20] [steamforum] 게시글 11 · 댓글 25 → 긍정 2.8% / 부정 41.7% {'topics_active': 31}
[2026-10-09 03:22:27] [steam] SteamDB 62.63% / Steam 63.32% (11,590+ / 6,713-) Mixed
[2026-10-09 03:37:27] [steam] SteamDB 62.63% / Steam 63.32% (11,590+ / 6,713-) Mixed
[2026-10-09 03:37:27] [community] 창 10-09 03:00 ~ 03:30 수집 시작
[2026-10-09 03:41:23] [ai] 340/340건 AI 분류 (21초, 조합 h_only)
[2026-10-09 03:41:23] [reddit] 게시글 7 · 댓글 175 → 긍정 6.0% / 부정 42.3% {'comment_pages': 3}
[2026-10-09 03:41:23] [dc] 게시글 22 · 댓글 98 → 긍정 5.0% / 부정 4.2% {'list': 'pc', 'views_fetched': 31, 'views_planned': 31, 'partial': False, 'prev_window_revisits': 9}
[2026-10-09 03:41:23] [steamforum] 게시글 12 · 댓글 26 → 긍정 10.5% / 부정 57.9% {'topics_active': 21}
[2026-10-09 03:52:39] [steam] SteamDB 62.63% / Steam 63.32% (11,590+ / 6,713-) Mixed
[2026-10-09 04:07:32] [steam] SteamDB 62.63% / Steam 63.32% (11,590+ / 6,713-) Mixed
[2026-10-09 04:07:32] [community] 창 10-09 03:30 ~ 04:00 수집 시작
[2026-10-09 04:11:22] [ai] 340/340건 AI 분류 (20초, 조합 h_only)
[2026-10-09 04:11:22] [reddit] 게시글 7 · 댓글 190 → 긍정 6.1% / 부정 45.7% {'comment_pages': 3}
[2026-10-09 04:11:22] [dc] 게시글 24 · 댓글 89 → 긍정 0.9% / 부정 7.1% {'list': 'pc', 'views_fetched': 29, 'views_planned': 29, 'partial': False, 'prev_window_revisits': 5}
[2026-10-09 04:11:22] [steamforum] 게시글 7 · 댓글 23 → 긍정 26.7% / 부정 50.0% {'topics_active': 22}
[2026-10-09 04:22:32] [steam] SteamDB 62.49% / Steam 63.18% (11,634+ / 6,781-) Mixed
[2026-10-09 04:37:27] [steam] SteamDB 62.49% / Steam 63.18% (11,634+ / 6,781-) Mixed
[2026-10-09 04:37:27] [community] 창 10-09 04:00 ~ 04:30 수집 시작
[2026-10-09 04:41:35] [ai] 302/302건 AI 분류 (33초, 조합 h_only)
[2026-10-09 04:41:35] [reddit] 게시글 8 · 댓글 202 → 긍정 9.0% / 부정 44.3% {'comment_pages': 3}
[2026-10-09 04:41:35] [dc] 게시글 13 · 댓글 40 → 긍정 5.7% / 부정 9.4% {'list': 'pc', 'views_fetched': 21, 'views_planned': 21, 'partial': False, 'prev_window_revisits': 8}
[2026-10-09 04:41:35] [steamforum] 게시글 11 · 댓글 28 → 긍정 10.3% / 부정 59.0% {'topics_active': 29}
[2026-10-09 04:52:50] [steam] SteamDB 62.49% / Steam 63.18% (11,634+ / 6,781-) Mixed
[2026-10-09 05:07:25] [steam] SteamDB 62.49% / Steam 63.18% (11,634+ / 6,781-) Mixed
[2026-10-09 05:07:25] [community] 창 10-09 04:30 ~ 05:00 수집 시작
[2026-10-09 05:11:19] [ai] 264/264건 AI 분류 (17초, 조합 h_only)
[2026-10-09 05:11:19] [reddit] 게시글 4 · 댓글 181 → 긍정 9.2% / 부정 37.3% {'comment_pages': 3}
[2026-10-09 05:11:19] [dc] 게시글 12 · 댓글 31 → 긍정 7.0% / 부정 14.0% {'list': 'pc', 'views_fetched': 16, 'views_planned': 16, 'partial': False, 'prev_window_revisits': 4}
[2026-10-09 05:11:19] [steamforum] 게시글 7 · 댓글 29 → 긍정 0.0% / 부정 66.7% {'topics_active': 21}
[2026-10-09 05:22:28] [steam] SteamDB 62.35% / Steam 63.02% (11,703+ / 6,866-) Mixed
[2026-10-09 05:37:28] [steam] SteamDB 62.35% / Steam 63.02% (11,703+ / 6,866-) Mixed
[2026-10-09 05:37:28] [community] 창 10-09 05:00 ~ 05:30 수집 시작
[2026-10-09 05:41:20] [ai] 300/300건 AI 분류 (18초, 조합 h_only)
[2026-10-09 05:41:20] [reddit] 게시글 3 · 댓글 180 → 긍정 7.7% / 부정 48.6% {'comment_pages': 3}
[2026-10-09 05:41:20] [dc] 게시글 21 · 댓글 55 → 긍정 6.6% / 부정 15.8% {'list': 'pc', 'views_fetched': 22, 'views_planned': 22, 'partial': False, 'prev_window_revisits': 1}
[2026-10-09 05:41:20] [steamforum] 게시글 8 · 댓글 33 → 긍정 4.9% / 부정 46.3% {'topics_active': 28}
[2026-10-09 05:48:01] [steam] SteamDB 62.35% / Steam 63.02% (11,703+ / 6,866-) Mixed
[2026-10-09 05:52:32] [steam] SteamDB 62.35% / Steam 63.02% (11,703+ / 6,866-) Mixed
[2026-10-09 06:07:28] [steam] SteamDB 62.35% / Steam 63.02% (11,703+ / 6,866-) Mixed
[2026-10-09 06:07:28] [community] 창 10-09 05:30 ~ 06:00 수집 시작
[2026-10-09 06:11:20] [ai] 286/286건 AI 분류 (18초, 조합 h_only)
[2026-10-09 06:11:20] [reddit] 게시글 9 · 댓글 173 → 긍정 8.2% / 부정 31.9% {'comment_pages': 3}
[2026-10-09 06:11:20] [dc] 게시글 16 · 댓글 54 → 긍정 2.9% / 부정 11.4% {'list': 'pc', 'views_fetched': 19, 'views_planned': 19, 'partial': False, 'prev_window_revisits': 3}
[2026-10-09 06:11:20] [steamforum] 게시글 5 · 댓글 29 → 긍정 2.9% / 부정 64.7% {'topics_active': 20}
[2026-10-09 06:22:30] [steam] SteamDB 62.25% / Steam 62.91% (11,770+ / 6,938-) Mixed
[2026-10-09 06:37:24] [steam] SteamDB 62.25% / Steam 62.91% (11,770+ / 6,938-) Mixed
[2026-10-09 06:37:24] [community] 창 10-09 06:00 ~ 06:30 수집 시작
[2026-10-09 06:40:19] [ai] 218/218건 AI 분류 (17초, 조합 h_only)
[2026-10-09 06:40:19] [reddit] 게시글 3 · 댓글 117 → 긍정 4.2% / 부정 47.5% {'comment_pages': 2}
[2026-10-09 06:40:19] [dc] 게시글 12 · 댓글 43 → 긍정 9.1% / 부정 9.1% {'list': 'pc', 'views_fetched': 20, 'views_planned': 20, 'partial': False, 'prev_window_revisits': 8}
[2026-10-09 06:40:19] [steamforum] 게시글 10 · 댓글 33 → 긍정 2.3% / 부정 44.2% {'topics_active': 27}
[2026-10-09 06:52:34] [steam] SteamDB 62.25% / Steam 62.91% (11,770+ / 6,938-) Mixed
[2026-10-09 07:07:28] [steam] SteamDB 62.25% / Steam 62.91% (11,770+ / 6,938-) Mixed
[2026-10-09 07:07:28] [community] 창 10-09 06:30 ~ 07:00 수집 시작
[2026-10-09 07:11:21] [ai] 265/265건 AI 분류 (18초, 조합 h_only)
[2026-10-09 07:11:21] [reddit] 게시글 9 · 댓글 161 → 긍정 5.3% / 부정 46.5% {'comment_pages': 3}
[2026-10-09 07:11:21] [dc] 게시글 10 · 댓글 54 → 긍정 10.9% / 부정 15.6% {'list': 'pc', 'views_fetched': 14, 'views_planned': 14, 'partial': False, 'prev_window_revisits': 4}
[2026-10-09 07:11:21] [steamforum] 게시글 6 · 댓글 25 → 긍정 0.0% / 부정 61.3% {'topics_active': 21}
[2026-10-09 07:22:34] [steam] SteamDB 62.13% / Steam 62.79% (11,837+ / 7,015-) Mixed
[2026-10-09 07:37:31] [steam] SteamDB 62.13% / Steam 62.79% (11,837+ / 7,015-) Mixed
[2026-10-09 07:37:31] [community] 창 10-09 07:00 ~ 07:30 수집 시작
[2026-10-09 07:40:21] [ai] 277/277건 AI 분류 (19초, 조합 h_only)
[2026-10-09 07:40:21] [reddit] 게시글 7 · 댓글 169 → 긍정 9.1% / 부정 43.2% {'comment_pages': 2}
[2026-10-09 07:40:21] [dc] 게시글 15 · 댓글 44 → 긍정 11.9% / 부정 15.3% {'list': 'pc', 'views_fetched': 18, 'views_planned': 18, 'partial': False, 'prev_window_revisits': 3}
[2026-10-09 07:40:21] [steamforum] 게시글 2 · 댓글 40 → 긍정 9.5% / 부정 57.1% {'topics_active': 21}
[2026-10-09 07:52:29] [steam] SteamDB 62.13% / Steam 62.79% (11,837+ / 7,015-) Mixed
[2026-10-09 08:07:30] [steam] SteamDB 62.13% / Steam 62.79% (11,837+ / 7,015-) Mixed
[2026-10-09 08:07:30] [community] 창 10-09 07:30 ~ 08:00 수집 시작
[2026-10-09 08:10:21] [ai] 280/280건 AI 분류 (19초, 조합 h_only)
[2026-10-09 08:10:21] [reddit] 게시글 4 · 댓글 125 → 긍정 7.0% / 부정 37.2% {'comment_pages': 2}
[2026-10-09 08:10:21] [dc] 게시글 20 · 댓글 112 → 긍정 7.6% / 부정 7.6% {'list': 'pc', 'views_fetched': 24, 'views_planned': 24, 'partial': False, 'prev_window_revisits': 4}
[2026-10-09 08:10:21] [steamforum] 게시글 4 · 댓글 15 → 긍정 0.0% / 부정 73.7% {'topics_active': 18}
[2026-10-09 08:22:26] [steam] SteamDB 62.03% / Steam 62.69% (11,894+ / 7,080-) Mixed
[2026-10-09 08:37:25] [steam] SteamDB 62.03% / Steam 62.69% (11,894+ / 7,080-) Mixed
[2026-10-09 08:37:25] [community] 창 10-09 08:00 ~ 08:30 수집 시작
[2026-10-09 08:40:20] [ai] 275/275건 AI 분류 (17초, 조합 h_only)
[2026-10-09 08:40:20] [reddit] 게시글 5 · 댓글 139 → 긍정 6.2% / 부정 35.4% {'comment_pages': 2}
[2026-10-09 08:40:20] [dc] 게시글 22 · 댓글 74 → 긍정 7.3% / 부정 9.4% {'list': 'pc', 'views_fetched': 30, 'views_planned': 30, 'partial': False, 'prev_window_revisits': 8}
[2026-10-09 08:40:20] [steamforum] 게시글 6 · 댓글 29 → 긍정 5.7% / 부정 77.1% {'topics_active': 19}
[2026-10-09 08:53:07] [steam] SteamDB 62.03% / Steam 62.69% (11,894+ / 7,080-) Mixed
[2026-10-09 09:07:30] [steam] SteamDB 62.03% / Steam 62.69% (11,894+ / 7,080-) Mixed
[2026-10-09 09:07:30] [community] 창 10-09 08:30 ~ 09:00 수집 시작
[2026-10-09 09:07:44] [steamforum] 502 https://steamcommunity.com/app/3393110/discussions/6/583936269908925897/ (재시도 1)
[2026-10-09 09:10:20] [ai] 252/252건 AI 분류 (18초, 조합 h_only)
[2026-10-09 09:10:20] [reddit] 게시글 6 · 댓글 154 → 긍정 8.8% / 부정 26.9% {'comment_pages': 2}
[2026-10-09 09:10:20] [dc] 게시글 14 · 댓글 52 → 긍정 7.6% / 부정 16.7% {'list': 'pc', 'views_fetched': 23, 'views_planned': 23, 'partial': False, 'prev_window_revisits': 9}
[2026-10-09 09:10:20] [steamforum] 게시글 5 · 댓글 21 → 긍정 0.0% / 부정 57.7% {'topics_active': 19}
[2026-10-09 09:22:30] [steam] SteamDB 61.93% / Steam 62.58% (11,933+ / 7,136-) Mixed
[2026-10-09 09:37:32] [steam] SteamDB 61.93% / Steam 62.58% (11,933+ / 7,136-) Mixed
[2026-10-09 09:37:32] [community] 창 10-09 09:00 ~ 09:30 수집 시작
[2026-10-09 09:40:41] [ai] 245/245건 AI 분류 (20초, 조합 h_only)
[2026-10-09 09:40:41] [reddit] 게시글 4 · 댓글 91 → 긍정 8.4% / 부정 41.1% {'comment_pages': 2}
[2026-10-09 09:40:41] [dc] 게시글 33 · 댓글 89 → 긍정 5.7% / 부정 13.1% {'list': 'pc', 'views_fetched': 36, 'views_planned': 36, 'partial': False, 'prev_window_revisits': 3}
[2026-10-09 09:40:41] [steamforum] 게시글 6 · 댓글 22 → 긍정 14.3% / 부정 42.9% {'topics_active': 16}
[2026-10-09 09:42:30] [steam] SteamDB 61.93% / Steam 62.58% (11,933+ / 7,136-) Mixed
[2026-10-09 09:52:28] [steam] SteamDB 61.93% / Steam 62.58% (11,933+ / 7,136-) Mixed
[2026-10-09 10:07:31] [steam] SteamDB 61.93% / Steam 62.58% (11,933+ / 7,136-) Mixed
[2026-10-09 10:07:31] [community] 창 10-09 09:30 ~ 10:00 수집 시작
[2026-10-09 10:10:21] [ai] 316/316건 AI 분류 (19초, 조합 h_only)
[2026-10-09 10:10:21] [reddit] 게시글 3 · 댓글 131 → 긍정 9.0% / 부정 39.6% {'comment_pages': 2}
[2026-10-09 10:10:21] [dc] 게시글 37 · 댓글 106 → 긍정 7.7% / 부정 21.0% {'list': 'pc', 'views_fetched': 45, 'views_planned': 45, 'partial': False, 'prev_window_revisits': 8}
[2026-10-09 10:10:21] [steamforum] 게시글 6 · 댓글 33 → 긍정 10.3% / 부정 51.3% {'topics_active': 23}
[2026-10-09 10:22:36] [steam] SteamDB 61.87% / Steam 62.51% (11,962+ / 7,174-) Mixed
[2026-10-09 10:37:26] [steam] SteamDB 61.87% / Steam 62.51% (11,962+ / 7,174-) Mixed
[2026-10-09 10:37:26] [community] 창 10-09 10:00 ~ 10:30 수집 시작
[2026-10-09 10:40:20] [ai] 384/384건 AI 분류 (18초, 조합 h_only)
[2026-10-09 10:40:20] [reddit] 게시글 1 · 댓글 136 → 긍정 5.8% / 부정 34.3% {'comment_pages': 2}
[2026-10-09 10:40:20] [dc] 게시글 52 · 댓글 166 → 긍정 6.4% / 부정 8.3% {'list': 'pc', 'views_fetched': 64, 'views_planned': 64, 'partial': False, 'prev_window_revisits': 12}
[2026-10-09 10:40:20] [steamforum] 게시글 8 · 댓글 21 → 긍정 6.9% / 부정 48.3% {'topics_active': 22}
[2026-10-09 10:52:31] [steam] SteamDB 61.87% / Steam 62.51% (11,962+ / 7,174-) Mixed
[2026-10-09 11:07:30] [steam] SteamDB 61.87% / Steam 62.51% (11,962+ / 7,174-) Mixed
[2026-10-09 11:07:30] [community] 창 10-09 10:30 ~ 11:00 수집 시작
[2026-10-09 11:11:38] [ai] 322/322건 AI 분류 (18초, 조합 h_only)
[2026-10-09 11:11:38] [reddit] 게시글 2 · 댓글 90 → 긍정 10.9% / 부정 43.5% {'comment_pages': 2}
[2026-10-09 11:11:38] [dc] 게시글 29 · 댓글 180 → 긍정 4.3% / 부정 8.6% {'list': 'pc', 'views_fetched': 41, 'views_planned': 41, 'partial': False, 'prev_window_revisits': 12}
[2026-10-09 11:11:38] [steamforum] 게시글 4 · 댓글 17 → 긍정 4.8% / 부정 71.4% {'topics_active': 16}
[2026-10-09 11:16:09] [steam] SteamDB 61.79% / Steam 62.43% (12,005+ / 7,225-) Mixed
[2026-10-09 11:22:29] [steam] SteamDB 61.79% / Steam 62.43% (12,005+ / 7,225-) Mixed
[2026-10-09 11:23:02] [steam] SteamDB 61.79% / Steam 62.43% (12,005+ / 7,225-) Mixed
[2026-10-09 11:37:28] [steam] SteamDB 61.79% / Steam 62.43% (12,005+ / 7,225-) Mixed
[2026-10-09 11:37:28] [community] 창 10-09 11:00 ~ 11:30 수집 시작
[2026-10-09 11:40:20] [ai] 368/368건 AI 분류 (17초, 조합 h_only)
[2026-10-09 11:40:20] [reddit] 게시글 5 · 댓글 99 → 긍정 5.8% / 부정 46.2% {'comment_pages': 2}
[2026-10-09 11:40:20] [dc] 게시글 62 · 댓글 175 → 긍정 3.8% / 부정 12.7% {'list': 'pc', 'views_fetched': 66, 'views_planned': 66, 'partial': False, 'prev_window_revisits': 4}
[2026-10-09 11:40:20] [steamforum] 게시글 4 · 댓글 23 → 긍정 11.1% / 부정 44.4% {'topics_active': 19}
[2026-10-09 11:40:47] [steam] SteamDB 61.79% / Steam 62.43% (12,005+ / 7,225-) Mixed
[2026-10-09 11:52:24] [steam] SteamDB 61.79% / Steam 62.43% (12,005+ / 7,225-) Mixed
[2026-10-09 11:52:54] [steam] SteamDB 61.79% / Steam 62.43% (12,005+ / 7,225-) Mixed
[2026-10-09 12:07:31] [steam] SteamDB 61.79% / Steam 62.43% (12,005+ / 7,225-) Mixed
[2026-10-09 12:07:31] [community] 창 10-09 11:30 ~ 12:00 수집 시작
[2026-10-09 12:10:21] [ai] 382/382건 AI 분류 (18초, 조합 h_only)
[2026-10-09 12:10:21] [reddit] 게시글 4 · 댓글 121 → 긍정 4.8% / 부정 35.2% {'comment_pages': 2}
[2026-10-09 12:10:21] [dc] 게시글 50 · 댓글 187 → 긍정 5.1% / 부정 16.5% {'list': 'pc', 'views_fetched': 65, 'views_planned': 65, 'partial': False, 'prev_window_revisits': 15}
[2026-10-09 12:10:21] [steamforum] 게시글 5 · 댓글 15 → 긍정 0.0% / 부정 35.0% {'topics_active': 16}
[2026-10-09 12:10:53] [steam] SteamDB 61.73% / Steam 62.37% (12,030+ / 7,259-) Mixed
[2026-10-09 12:15:58] [steam] SteamDB 61.73% / Steam 62.37% (12,030+ / 7,259-) Mixed
[2026-10-09 12:22:20] [steam] SteamDB 61.73% / Steam 62.37% (12,030+ / 7,259-) Mixed
[2026-10-09 12:22:59] [steam] SteamDB 61.73% / Steam 62.37% (12,030+ / 7,259-) Mixed
[2026-10-09 12:37:26] [steam] SteamDB 61.73% / Steam 62.37% (12,030+ / 7,259-) Mixed
[2026-10-09 12:37:26] [community] 창 10-09 12:00 ~ 12:30 수집 시작
[2026-10-09 12:40:20] [ai] 361/361건 AI 분류 (19초, 조합 h_only)
[2026-10-09 12:40:20] [reddit] 게시글 6 · 댓글 124 → 긍정 8.5% / 부정 41.5% {'comment_pages': 2}
[2026-10-09 12:40:20] [dc] 게시글 47 · 댓글 166 → 긍정 5.6% / 부정 13.1% {'list': 'pc', 'views_fetched': 58, 'views_planned': 58, 'partial': False, 'prev_window_revisits': 11}
[2026-10-09 12:40:20] [steamforum] 게시글 3 · 댓글 15 → 긍정 0.0% / 부정 22.2% {'topics_active': 12}
[2026-10-09 12:40:51] [steam] SteamDB 61.73% / Steam 62.37% (12,030+ / 7,259-) Mixed
[2026-10-09 12:52:23] [steam] SteamDB 61.73% / Steam 62.37% (12,030+ / 7,259-) Mixed
[2026-10-09 12:52:56] [steam] SteamDB 61.73% / Steam 62.37% (12,030+ / 7,259-) Mixed
[2026-10-09 12:54:31] [steam] SteamDB 61.73% / Steam 62.37% (12,030+ / 7,259-) Mixed
[2026-10-09 13:07:25] [steam] SteamDB 61.73% / Steam 62.37% (12,030+ / 7,259-) Mixed
[2026-10-09 13:07:25] [community] 창 10-09 12:30 ~ 13:00 수집 시작
[2026-10-09 13:07:25] [community] 라벨 변경 감지(419건) → 과거 수집분 전체 재계산
[2026-10-09 13:07:36] [rescore] 라벨 419건 · 모델 lexicon (CV 81.4%) → 57,115개 항목 · 124개 창 재계산 (11.3초)
[2026-10-09 13:10:21] [ai] 365/365건 AI 분류 (18초, 조합 h_only)
[2026-10-09 13:10:21] [reddit] 게시글 4 · 댓글 101 → 긍정 11.4% / 부정 24.8% {'comment_pages': 2}
[2026-10-09 13:10:21] [dc] 게시글 50 · 댓글 192 → 긍정 4.5% / 부정 10.7% {'list': 'pc', 'views_fetched': 58, 'views_planned': 58, 'partial': False, 'prev_window_revisits': 8}
[2026-10-09 13:10:21] [steamforum] 게시글 4 · 댓글 14 → 긍정 16.7% / 부정 22.2% {'topics_active': 16}
[2026-10-09 13:11:00] [steam] SteamDB 61.64% / Steam 62.27% (12,066+ / 7,310-) Mixed
[2026-10-09 13:22:34] [steam] SteamDB 61.64% / Steam 62.27% (12,066+ / 7,310-) Mixed
[2026-10-09 13:23:29] [steam] SteamDB 61.64% / Steam 62.27% (12,066+ / 7,310-) Mixed
[2026-10-09 13:37:35] [steam] SteamDB 61.64% / Steam 62.27% (12,066+ / 7,310-) Mixed
[2026-10-09 13:37:35] [community] 창 10-09 13:00 ~ 13:30 수집 시작
[2026-10-09 13:37:35] [community] 라벨 변경 감지(717건) → 과거 수집분 전체 재계산
[2026-10-09 13:37:45] [rescore] 라벨 717건 · 모델 lexicon (CV 83.5%) → 57,480개 항목 · 125개 창 재계산 (9.9초)
[2026-10-09 13:40:24] [ai] 425/425건 AI 분류 (22초, 조합 h_only)
[2026-10-09 13:40:24] [reddit] 게시글 7 · 댓글 140 → 긍정 20.4% / 부정 18.4% {'comment_pages': 2}
[2026-10-09 13:40:25] [dc] 게시글 63 · 댓글 199 → 긍정 5.3% / 부정 13.7% {'list': 'pc', 'views_fetched': 73, 'views_planned': 73, 'partial': False, 'prev_window_revisits': 10}
[2026-10-09 13:40:25] [steamforum] 게시글 2 · 댓글 14 → 긍정 12.5% / 부정 25.0% {'topics_active': 13}
[2026-10-09 13:40:25] [ai-eval] 라벨 717건 (지난 시험 359건) → AI 재시험 시작
[2026-10-09 13:41:47] [ai-eval] 미달 — 최고 AI가 분명함(h)일 때만 AI 84.1% < 기준 88.5% (사전 83.5%) → 사전 유지
[2026-10-09 13:52:31] [steam] SteamDB 61.64% / Steam 62.27% (12,066+ / 7,310-) Mixed
[2026-10-09 14:07:30] [steam] SteamDB 61.64% / Steam 62.27% (12,066+ / 7,310-) Mixed
[2026-10-09 14:07:30] [community] 창 10-09 13:30 ~ 14:00 수집 시작
[2026-10-09 14:10:02] [reddit] 게시글 3 · 댓글 128 → 긍정 23.7% / 부정 16.8% {'comment_pages': 2}
[2026-10-09 14:10:02] [dc] 게시글 56 · 댓글 217 → 긍정 4.0% / 부정 12.1% {'list': 'pc', 'views_fetched': 69, 'views_planned': 69, 'partial': False, 'prev_window_revisits': 13}
[2026-10-09 14:10:02] [steamforum] 게시글 2 · 댓글 16 → 긍정 5.6% / 부정 22.2% {'topics_active': 13}
[2026-10-09 14:22:32] [steam] SteamDB 61.6% / Steam 62.23% (12,103+ / 7,346-) Mixed
[2026-10-09 14:37:31] [steam] SteamDB 61.6% / Steam 62.23% (12,103+ / 7,346-) Mixed
[2026-10-09 14:37:31] [community] 창 10-09 14:00 ~ 14:30 수집 시작
[2026-10-09 14:40:03] [reddit] 게시글 8 · 댓글 134 → 긍정 16.9% / 부정 23.2% {'comment_pages': 2}
[2026-10-09 14:40:03] [dc] 게시글 41 · 댓글 157 → 긍정 8.6% / 부정 10.1% {'list': 'pc', 'views_fetched': 55, 'views_planned': 55, 'partial': False, 'prev_window_revisits': 14}
[2026-10-09 14:40:03] [steamforum] 게시글 4 · 댓글 13 → 긍정 23.5% / 부정 23.5% {'topics_active': 12}
[2026-10-09 14:52:32] [steam] SteamDB 61.6% / Steam 62.23% (12,103+ / 7,346-) Mixed
[2026-10-09 15:07:37] [steam] SteamDB 61.6% / Steam 62.23% (12,103+ / 7,346-) Mixed
[2026-10-09 15:07:37] [community] 창 10-09 14:30 ~ 15:00 수집 시작
[2026-10-09 15:10:02] [reddit] 게시글 5 · 댓글 119 → 긍정 23.4% / 부정 16.1% {'comment_pages': 2}
[2026-10-09 15:10:02] [dc] 게시글 51 · 댓글 122 → 긍정 6.9% / 부정 11.0% {'list': 'pc', 'views_fetched': 60, 'views_planned': 60, 'partial': False, 'prev_window_revisits': 9}
[2026-10-09 15:10:02] [steamforum] 게시글 2 · 댓글 27 → 긍정 17.2% / 부정 24.1% {'topics_active': 14}
[2026-10-09 15:22:29] [steam] SteamDB 61.59% / Steam 62.22% (12,133+ / 7,368-) Mixed
[2026-10-09 15:37:35] [steam] SteamDB 61.59% / Steam 62.22% (12,133+ / 7,368-) Mixed
[2026-10-09 15:37:35] [community] 창 10-09 15:00 ~ 15:30 수집 시작
[2026-10-09 15:41:02] [reddit] 게시글 6 · 댓글 162 → 긍정 16.7% / 부정 19.0% {'comment_pages': 3}
[2026-10-09 15:41:03] [dc] 게시글 48 · 댓글 193 → 긍정 5.0% / 부정 14.1% {'list': 'pc', 'views_fetched': 57, 'views_planned': 57, 'partial': False, 'prev_window_revisits': 9}
[2026-10-09 15:41:03] [steamforum] 게시글 6 · 댓글 44 → 긍정 14.0% / 부정 18.0% {'topics_active': 31}
[2026-10-09 15:49:44] [steam] SteamDB 61.59% / Steam 62.22% (12,133+ / 7,368-) Mixed
[2026-10-09 15:52:34] [steam] SteamDB 61.59% / Steam 62.22% (12,133+ / 7,368-) Mixed
[2026-10-09 16:07:31] [steam] SteamDB 61.59% / Steam 62.22% (12,133+ / 7,368-) Mixed
[2026-10-09 16:07:31] [community] 창 10-09 15:30 ~ 16:00 수집 시작
[2026-10-09 16:12:03] [reddit] 게시글 8 · 댓글 312 → 긍정 16.6% / 부정 21.9% {'comment_pages': 4}
[2026-10-09 16:12:03] [dc] 게시글 62 · 댓글 200 → 긍정 9.9% / 부정 11.5% {'list': 'pc', 'views_fetched': 75, 'views_planned': 75, 'partial': False, 'prev_window_revisits': 13}
[2026-10-09 16:12:03] [steamforum] 게시글 21 · 댓글 200 → 긍정 6.8% / 부정 24.0% {'topics_active': 50}
[2026-10-09 16:22:36] [steam] SteamDB 61.73% / Steam 62.36% (12,324+ / 7,439-) Mixed
[2026-10-09 16:37:33] [steam] SteamDB 61.73% / Steam 62.36% (12,324+ / 7,439-) Mixed
[2026-10-09 16:37:33] [community] 창 10-09 16:00 ~ 16:30 수집 시작
[2026-10-09 16:42:02] [reddit] 게시글 7 · 댓글 270 → 긍정 13.4% / 부정 18.1% {'comment_pages': 4}
[2026-10-09 16:42:02] [dc] 게시글 48 · 댓글 233 → 긍정 4.6% / 부정 10.7% {'list': 'pc', 'views_fetched': 59, 'views_planned': 59, 'partial': False, 'prev_window_revisits': 11}
[2026-10-09 16:42:02] [steamforum] 게시글 13 · 댓글 132 → 긍정 12.4% / 부정 19.3% {'topics_active': 38}
[2026-10-09 16:52:35] [steam] SteamDB 61.73% / Steam 62.36% (12,324+ / 7,439-) Mixed
[2026-10-09 17:07:33] [steam] SteamDB 61.73% / Steam 62.36% (12,324+ / 7,439-) Mixed
[2026-10-09 17:07:34] [community] 창 10-09 16:30 ~ 17:00 수집 시작
[2026-10-09 17:12:02] [reddit] 게시글 4 · 댓글 250 → 긍정 11.4% / 부정 12.6% {'comment_pages': 4}
[2026-10-09 17:12:02] [dc] 게시글 35 · 댓글 153 → 긍정 3.7% / 부정 10.1% {'list': 'pc', 'views_fetched': 43, 'views_planned': 43, 'partial': False, 'prev_window_revisits': 8}
[2026-10-09 17:12:02] [steamforum] 게시글 10 · 댓글 120 → 긍정 10.0% / 부정 14.6% {'topics_active': 39}
[2026-10-09 17:22:34] [steam] SteamDB 61.9% / Steam 62.53% (12,515+ / 7,498-) Mixed
[2026-10-09 17:37:34] [steam] SteamDB 61.9% / Steam 62.53% (12,515+ / 7,498-) Mixed
[2026-10-09 17:37:35] [community] 창 10-09 17:00 ~ 17:30 수집 시작
[2026-10-09 17:40:01] [reddit] 게시글 8 · 댓글 173 → 긍정 17.7% / 부정 14.4% {'comment_pages': 2}
[2026-10-09 17:40:02] [dc] 게시글 59 · 댓글 226 → 긍정 5.6% / 부정 9.5% {'list': 'pc', 'views_fetched': 69, 'views_planned': 69, 'partial': False, 'prev_window_revisits': 10}
[2026-10-09 17:40:02] [steamforum] 게시글 5 · 댓글 29 → 긍정 8.8% / 부정 14.7% {'topics_active': 18}
[2026-10-09 17:52:31] [steam] SteamDB 61.9% / Steam 62.53% (12,515+ / 7,498-) Mixed
[2026-10-09 18:07:34] [steam] SteamDB 61.9% / Steam 62.53% (12,515+ / 7,498-) Mixed
[2026-10-09 18:07:34] [community] 창 10-09 17:30 ~ 18:00 수집 시작
[2026-10-09 18:10:02] [reddit] 게시글 5 · 댓글 114 → 긍정 11.8% / 부정 23.5% {'comment_pages': 2}
[2026-10-09 18:10:02] [dc] 게시글 54 · 댓글 263 → 긍정 6.3% / 부정 11.0% {'list': 'pc', 'views_fetched': 60, 'views_planned': 60, 'partial': False, 'prev_window_revisits': 6}
[2026-10-09 18:10:02] [steamforum] 게시글 2 · 댓글 10 → 긍정 25.0% / 부정 16.7% {'topics_active': 14}
[2026-10-09 18:22:48] [steam] SteamDB 61.85% / Steam 62.48% (12,550+ / 7,535-) Mixed
[2026-10-09 18:37:32] [steam] SteamDB 61.85% / Steam 62.48% (12,550+ / 7,535-) Mixed
[2026-10-09 18:37:32] [community] 창 10-09 18:00 ~ 18:30 수집 시작
[2026-10-09 18:40:02] [reddit] 게시글 9 · 댓글 126 → 긍정 16.3% / 부정 19.3% {'comment_pages': 2}
[2026-10-09 18:40:02] [dc] 게시글 66 · 댓글 253 → 긍정 5.3% / 부정 11.9% {'list': 'pc', 'views_fetched': 71, 'views_planned': 71, 'partial': False, 'prev_window_revisits': 5}
[2026-10-09 18:40:02] [steamforum] 게시글 6 · 댓글 20 → 긍정 11.5% / 부정 26.9% {'topics_active': 16}
[2026-10-09 18:52:35] [steam] SteamDB 61.85% / Steam 62.48% (12,550+ / 7,535-) Mixed
[2026-10-09 19:07:34] [steam] SteamDB 61.85% / Steam 62.48% (12,550+ / 7,535-) Mixed
[2026-10-09 19:07:34] [community] 창 10-09 18:30 ~ 19:00 수집 시작
[2026-10-09 19:10:03] [reddit] 게시글 2 · 댓글 125 → 긍정 19.7% / 부정 15.0% {'comment_pages': 2}
[2026-10-09 19:10:03] [dc] 게시글 44 · 댓글 187 → 긍정 5.2% / 부정 14.3% {'list': 'pc', 'views_fetched': 58, 'views_planned': 58, 'partial': False, 'prev_window_revisits': 14}
[2026-10-09 19:10:03] [steamforum] 게시글 4 · 댓글 16 → 긍정 10.0% / 부정 20.0% {'topics_active': 16}
[2026-10-09 19:22:30] [steam] SteamDB 61.8% / Steam 62.43% (12,585+ / 7,573-) Mixed
[2026-10-09 19:37:34] [steam] SteamDB 61.8% / Steam 62.43% (12,585+ / 7,573-) Mixed
[2026-10-09 19:37:34] [community] 창 10-09 19:00 ~ 19:30 수집 시작
[2026-10-09 19:41:03] [reddit] 게시글 6 · 댓글 161 → 긍정 19.8% / 부정 19.8% {'comment_pages': 3}
[2026-10-09 19:41:03] [dc] 게시글 47 · 댓글 255 → 긍정 9.3% / 부정 11.6% {'list': 'pc', 'views_fetched': 59, 'views_planned': 59, 'partial': False, 'prev_window_revisits': 12}
[2026-10-09 19:41:03] [steamforum] 게시글 6 · 댓글 16 → 긍정 27.3% / 부정 9.1% {'topics_active': 17}
[2026-10-09 19:52:39] [steam] SteamDB 61.8% / Steam 62.43% (12,585+ / 7,573-) Mixed
[2026-10-09 20:07:36] [steam] SteamDB 61.8% / Steam 62.43% (12,585+ / 7,573-) Mixed
[2026-10-09 20:07:36] [community] 창 10-09 19:30 ~ 20:00 수집 시작
[2026-10-09 20:10:02] [reddit] 게시글 3 · 댓글 156 → 긍정 17.6% / 부정 13.2% {'comment_pages': 2}
[2026-10-09 20:10:02] [dc] 게시글 47 · 댓글 230 → 긍정 7.2% / 부정 14.4% {'list': 'pc', 'views_fetched': 52, 'views_planned': 52, 'partial': False, 'prev_window_revisits': 5}
[2026-10-09 20:10:02] [steamforum] 게시글 5 · 댓글 27 → 긍정 15.6% / 부정 12.5% {'topics_active': 20}
[2026-10-09 20:22:39] [steam] SteamDB 61.79% / Steam 62.41% (12,625+ / 7,603-) Mixed
[2026-10-09 20:37:34] [steam] SteamDB 61.79% / Steam 62.41% (12,625+ / 7,603-) Mixed
[2026-10-09 20:37:34] [community] 창 10-09 20:00 ~ 20:30 수집 시작
[2026-10-09 20:40:03] [reddit] 게시글 4 · 댓글 125 → 긍정 13.2% / 부정 16.3% {'comment_pages': 2}
[2026-10-09 20:40:03] [dc] 게시글 52 · 댓글 142 → 긍정 9.8% / 부정 18.0% {'list': 'pc', 'views_fetched': 65, 'views_planned': 65, 'partial': False, 'prev_window_revisits': 13}
[2026-10-09 20:40:03] [steamforum] 게시글 3 · 댓글 24 → 긍정 18.5% / 부정 25.9% {'topics_active': 22}
[2026-10-09 20:52:37] [steam] SteamDB 61.79% / Steam 62.41% (12,625+ / 7,603-) Mixed
[2026-10-09 21:07:33] [steam] SteamDB 61.79% / Steam 62.41% (12,625+ / 7,603-) Mixed
[2026-10-09 21:07:33] [community] 창 10-09 20:30 ~ 21:00 수집 시작
[2026-10-09 21:11:03] [reddit] 게시글 7 · 댓글 162 → 긍정 18.9% / 부정 18.9% {'comment_pages': 3}
[2026-10-09 21:11:03] [dc] 게시글 44 · 댓글 169 → 긍정 8.0% / 부정 9.4% {'list': 'pc', 'views_fetched': 53, 'views_planned': 53, 'partial': False, 'prev_window_revisits': 9}
[2026-10-09 21:11:03] [steamforum] 게시글 3 · 댓글 20 → 긍정 26.1% / 부정 39.1% {'topics_active': 20}
[2026-10-09 21:22:34] [steam] SteamDB 61.73% / Steam 62.35% (12,664+ / 7,647-) Mixed
[2026-10-09 21:37:37] [steam] SteamDB 61.73% / Steam 62.35% (12,664+ / 7,647-) Mixed
[2026-10-09 21:37:37] [community] 창 10-09 21:00 ~ 21:30 수집 시작
[2026-10-09 21:41:02] [reddit] 게시글 11 · 댓글 180 → 긍정 19.9% / 부정 17.8% {'comment_pages': 3}
[2026-10-09 21:41:02] [dc] 게시글 74 · 댓글 168 → 긍정 5.4% / 부정 14.0% {'list': 'pc', 'views_fetched': 78, 'views_planned': 78, 'partial': False, 'prev_window_revisits': 4}
[2026-10-09 21:41:02] [steamforum] 게시글 14 · 댓글 35 → 긍정 18.4% / 부정 20.4% {'topics_active': 32}
[2026-10-09 21:52:32] [steam] SteamDB 61.73% / Steam 62.35% (12,664+ / 7,647-) Mixed
[2026-10-09 22:07:36] [steam] SteamDB 61.73% / Steam 62.35% (12,664+ / 7,647-) Mixed
[2026-10-09 22:07:36] [community] 창 10-09 21:30 ~ 22:00 수집 시작
[2026-10-09 22:11:03] [reddit] 게시글 4 · 댓글 203 → 긍정 20.3% / 부정 16.9% {'comment_pages': 3}
[2026-10-09 22:11:03] [dc] 게시글 59 · 댓글 198 → 긍정 7.8% / 부정 10.9% {'list': 'pc', 'views_fetched': 70, 'views_planned': 70, 'partial': False, 'prev_window_revisits': 11}
[2026-10-09 22:11:03] [steamforum] 게시글 3 · 댓글 18 → 긍정 38.1% / 부정 9.5% {'topics_active': 17}
[2026-10-09 22:22:36] [steam] SteamDB 61.62% / Steam 62.23% (12,699+ / 7,706-) Mixed
[2026-10-09 22:37:29] [steam] SteamDB 61.62% / Steam 62.23% (12,699+ / 7,706-) Mixed
[2026-10-09 22:37:29] [community] 창 10-09 22:00 ~ 22:30 수집 시작
[2026-10-09 22:41:02] [reddit] 게시글 5 · 댓글 198 → 긍정 20.2% / 부정 18.7% {'comment_pages': 3}
[2026-10-09 22:41:02] [dc] 게시글 72 · 댓글 197 → 긍정 5.6% / 부정 11.2% {'list': 'pc', 'views_fetched': 84, 'views_planned': 84, 'partial': False, 'prev_window_revisits': 12}
[2026-10-09 22:41:02] [steamforum] 게시글 5 · 댓글 23 → 긍정 21.4% / 부정 35.7% {'topics_active': 16}
[2026-10-09 22:52:35] [steam] SteamDB 61.62% / Steam 62.23% (12,699+ / 7,706-) Mixed
[2026-10-09 22:53:09] [steam] SteamDB 61.62% / Steam 62.23% (12,699+ / 7,706-) Mixed
[2026-10-09 23:07:35] [steam] SteamDB 61.62% / Steam 62.23% (12,699+ / 7,706-) Mixed
[2026-10-09 23:07:35] [community] 창 10-09 22:30 ~ 23:00 수집 시작
[2026-10-09 23:11:02] [reddit] 게시글 3 · 댓글 186 → 긍정 15.3% / 부정 16.4% {'comment_pages': 3}
[2026-10-09 23:11:02] [dc] 게시글 58 · 댓글 169 → 긍정 8.4% / 부정 9.7% {'list': 'pc', 'views_fetched': 67, 'views_planned': 67, 'partial': False, 'prev_window_revisits': 9}
[2026-10-09 23:11:02] [steamforum] 게시글 8 · 댓글 26 → 긍정 8.8% / 부정 35.3% {'topics_active': 26}
[2026-10-09 23:22:35] [steam] SteamDB 61.55% / Steam 62.16% (12,754+ / 7,765-) Mixed
[2026-10-09 23:37:35] [steam] SteamDB 61.55% / Steam 62.16% (12,754+ / 7,765-) Mixed
[2026-10-09 23:37:35] [community] 창 10-09 23:00 ~ 23:30 수집 시작
[2026-10-09 23:41:03] [reddit] 게시글 4 · 댓글 218 → 긍정 18.5% / 부정 15.3% {'comment_pages': 3}
[2026-10-09 23:41:03] [dc] 게시글 90 · 댓글 228 → 긍정 6.0% / 부정 6.9% {'list': 'pc', 'views_fetched': 101, 'views_planned': 101, 'partial': False, 'prev_window_revisits': 11}
[2026-10-09 23:41:03] [steamforum] 게시글 5 · 댓글 25 → 긍정 16.7% / 부정 33.3% {'topics_active': 20}
[2026-10-09 23:52:32] [steam] SteamDB 61.55% / Steam 62.16% (12,754+ / 7,765-) Mixed
[2026-10-10 00:07:34] [steam] SteamDB 61.55% / Steam 62.16% (12,754+ / 7,765-) Mixed
[2026-10-10 00:07:34] [community] 창 10-09 23:30 ~ 00:00 수집 시작
[2026-10-10 00:11:02] [reddit] 게시글 2 · 댓글 187 → 긍정 14.3% / 부정 18.5% {'comment_pages': 3}
[2026-10-10 00:11:02] [dc] 게시글 64 · 댓글 163 → 긍정 7.5% / 부정 9.7% {'list': 'pc', 'views_fetched': 76, 'views_planned': 76, 'partial': False, 'prev_window_revisits': 12}
[2026-10-10 00:11:02] [steamforum] 게시글 4 · 댓글 31 → 긍정 2.9% / 부정 37.1% {'topics_active': 18}
[2026-10-10 00:22:40] [steam] SteamDB 61.49% / Steam 62.1% (12,799+ / 7,811-) Mixed
[2026-10-10 00:37:42] [steam] SteamDB 61.49% / Steam 62.1% (12,799+ / 7,811-) Mixed
[2026-10-10 00:37:42] [community] 창 10-10 00:00 ~ 00:30 수집 시작
[2026-10-10 00:41:02] [reddit] 게시글 8 · 댓글 152 → 긍정 14.4% / 부정 17.5% {'comment_pages': 3}
[2026-10-10 00:41:03] [dc] 게시글 42 · 댓글 191 → 긍정 6.0% / 부정 10.3% {'list': 'pc', 'views_fetched': 54, 'views_planned': 54, 'partial': False, 'prev_window_revisits': 12}
[2026-10-10 00:41:03] [steamforum] 게시글 6 · 댓글 45 → 긍정 11.8% / 부정 41.2% {'topics_active': 32}
[2026-10-10 00:52:42] [steam] SteamDB 61.49% / Steam 62.1% (12,799+ / 7,811-) Mixed
[2026-10-10 01:07:36] [steam] SteamDB 61.49% / Steam 62.1% (12,799+ / 7,811-) Mixed
[2026-10-10 01:07:36] [community] 창 10-10 00:30 ~ 01:00 수집 시작
[2026-10-10 01:11:02] [reddit] 게시글 9 · 댓글 187 → 긍정 15.8% / 부정 16.3% {'comment_pages': 3}
[2026-10-10 01:11:02] [dc] 게시글 63 · 댓글 209 → 긍정 10.3% / 부정 9.9% {'list': 'pc', 'views_fetched': 71, 'views_planned': 71, 'partial': False, 'prev_window_revisits': 8}
[2026-10-10 01:11:02] [steamforum] 게시글 9 · 댓글 78 → 긍정 19.5% / 부정 27.6% {'topics_active': 33}
[2026-10-10 01:22:42] [steam] SteamDB 61.41% / Steam 62.01% (12,857+ / 7,876-) Mixed
[2026-10-10 01:37:35] [steam] SteamDB 61.41% / Steam 62.01% (12,857+ / 7,876-) Mixed
[2026-10-10 01:37:35] [community] 창 10-10 01:00 ~ 01:30 수집 시작
[2026-10-10 01:41:02] [reddit] 게시글 9 · 댓글 242 → 긍정 11.2% / 부정 24.3% {'comment_pages': 3}
[2026-10-10 01:41:02] [dc] 게시글 41 · 댓글 180 → 긍정 8.1% / 부정 8.6% {'list': 'pc', 'views_fetched': 51, 'views_planned': 51, 'partial': False, 'prev_window_revisits': 10}
[2026-10-10 01:41:02] [steamforum] 게시글 4 · 댓글 47 → 긍정 11.8% / 부정 37.3% {'topics_active': 30}
[2026-10-10 01:52:39] [steam] SteamDB 61.41% / Steam 62.01% (12,857+ / 7,876-) Mixed
[2026-10-10 02:07:31] [steam] SteamDB 61.41% / Steam 62.01% (12,857+ / 7,876-) Mixed
[2026-10-10 02:07:31] [community] 창 10-10 01:30 ~ 02:00 수집 시작
[2026-10-10 02:11:02] [reddit] 게시글 13 · 댓글 189 → 긍정 18.3% / 부정 18.8% {'comment_pages': 3}
[2026-10-10 02:11:02] [dc] 게시글 34 · 댓글 116 → 긍정 6.0% / 부정 12.7% {'list': 'pc', 'views_fetched': 42, 'views_planned': 42, 'partial': False, 'prev_window_revisits': 8}
[2026-10-10 02:11:02] [steamforum] 게시글 7 · 댓글 37 → 긍정 18.2% / 부정 34.1% {'topics_active': 29}
[2026-10-10 02:22:37] [steam] SteamDB 61.35% / Steam 61.95% (12,906+ / 7,926-) Mixed
[2026-10-10 02:37:34] [steam] SteamDB 61.35% / Steam 61.95% (12,906+ / 7,926-) Mixed
[2026-10-10 02:37:34] [community] 창 10-10 02:00 ~ 02:30 수집 시작
[2026-10-10 02:41:02] [reddit] 게시글 6 · 댓글 177 → 긍정 15.8% / 부정 19.7% {'comment_pages': 3}
[2026-10-10 02:41:02] [dc] 게시글 33 · 댓글 144 → 긍정 11.9% / 부정 12.4% {'list': 'pc', 'views_fetched': 40, 'views_planned': 40, 'partial': False, 'prev_window_revisits': 7}
[2026-10-10 02:41:02] [steamforum] 게시글 11 · 댓글 30 → 긍정 19.5% / 부정 26.8% {'topics_active': 27}
[2026-10-10 02:52:35] [steam] SteamDB 61.35% / Steam 61.95% (12,906+ / 7,926-) Mixed
[2026-10-10 03:07:37] [steam] SteamDB 61.35% / Steam 61.95% (12,906+ / 7,926-) Mixed
[2026-10-10 03:07:37] [community] 창 10-10 02:30 ~ 03:00 수집 시작
[2026-10-10 03:11:02] [reddit] 게시글 9 · 댓글 167 → 긍정 16.5% / 부정 25.0% {'comment_pages': 3}
[2026-10-10 03:11:02] [dc] 게시글 39 · 댓글 161 → 긍정 8.0% / 부정 14.5% {'list': 'pc', 'views_fetched': 48, 'views_planned': 48, 'partial': False, 'prev_window_revisits': 9}
[2026-10-10 03:11:03] [steamforum] 게시글 7 · 댓글 46 → 긍정 15.1% / 부정 18.9% {'topics_active': 32}
[2026-10-10 03:22:34] [steam] SteamDB 61.29% / Steam 61.88% (12,948+ / 7,975-) Mixed
[2026-10-10 03:37:29] [steam] SteamDB 61.29% / Steam 61.88% (12,948+ / 7,975-) Mixed
[2026-10-10 03:37:29] [community] 창 10-10 03:00 ~ 03:30 수집 시작
[2026-10-10 03:39:01] [reddit] 429 /r/Aion2/comments/.rss?limit=100&after=t1_pewcvks (재시도 1)
[2026-10-10 03:42:02] [reddit] 게시글 7 · 댓글 196 → 긍정 11.3% / 부정 23.2% {'comment_pages': 3}
[2026-10-10 03:42:02] [dc] 게시글 25 · 댓글 106 → 긍정 8.4% / 부정 10.7% {'list': 'pc', 'views_fetched': 33, 'views_planned': 33, 'partial': False, 'prev_window_revisits': 8}
[2026-10-10 03:42:02] [steamforum] 게시글 8 · 댓글 57 → 긍정 16.9% / 부정 29.2% {'topics_active': 37}
[2026-10-10 03:52:36] [steam] SteamDB 61.29% / Steam 61.88% (12,948+ / 7,975-) Mixed
[2026-10-10 04:07:29] [steam] SteamDB 61.29% / Steam 61.88% (12,948+ / 7,975-) Mixed
[2026-10-10 04:07:29] [community] 창 10-10 03:30 ~ 04:00 수집 시작
[2026-10-10 04:11:02] [reddit] 게시글 5 · 댓글 180 → 긍정 14.1% / 부정 22.2% {'comment_pages': 3}
[2026-10-10 04:11:02] [dc] 게시글 21 · 댓글 98 → 긍정 3.4% / 부정 18.5% {'list': 'pc', 'views_fetched': 25, 'views_planned': 25, 'partial': False, 'prev_window_revisits': 4}
[2026-10-10 04:11:02] [steamforum] 게시글 8 · 댓글 28 → 긍정 13.9% / 부정 22.2% {'topics_active': 23}
[2026-10-10 04:22:36] [steam] SteamDB 61.2% / Steam 61.79% (13,005+ / 8,042-) Mixed
[2026-10-10 04:28:36] [steam] SteamDB 61.2% / Steam 61.79% (13,005+ / 8,042-) Mixed
[2026-10-10 04:37:36] [steam] SteamDB 61.2% / Steam 61.79% (13,005+ / 8,042-) Mixed
[2026-10-10 04:37:36] [community] 창 10-10 04:00 ~ 04:30 수집 시작
[2026-10-10 04:41:03] [reddit] 게시글 7 · 댓글 179 → 긍정 14.0% / 부정 18.8% {'comment_pages': 3}
[2026-10-10 04:41:03] [dc] 게시글 12 · 댓글 32 → 긍정 6.8% / 부정 11.4% {'list': 'pc', 'views_fetched': 22, 'views_planned': 22, 'partial': False, 'prev_window_revisits': 10}
[2026-10-10 04:41:03] [steamforum] 게시글 4 · 댓글 50 → 긍정 3.7% / 부정 31.5% {'topics_active': 24}
